Date,Open,High,Low,Close,Volume,Dividends,Stock Splits
2021-08-25 00:00:00+07:00,2076.2076241629466,2111.5473284040177,2067.3726981026784,2102.71240234375,60726800,0.0,0.0
2021-08-26 00:00:00+07:00,2067.3727681565183,2093.8775472354478,2058.537841796875,2058.537841796875,55050200,0.0,0.0
2021-08-27 00:00:00+07:00,2058.5378070699758,2076.2076594911773,2040.8679546487745,2049.702880859375,35765000,0.0,0.0
2021-08-30 00:00:00+07:00,2067.3726981026784,2102.71240234375,2058.537772042411,2102.71240234375,65062000,0.0,0.0
2021-08-31 00:00:00+07:00,2120.382220158812,2155.721923828125,2102.712368324155,2155.721923828125,135700400,0.0,0.0
2021-09-01 00:00:00+07:00,2155.7217814127603,2155.7217814127603,2120.382080078125,2120.382080078125,70082000,0.0,0.0
2021-09-02 00:00:00+07:00,2138.052001953125,2155.721853208936,2111.547225069409,2138.052001953125,51554400,0.0,0.0
2021-09-03 00:00:00+07:00,2155.7219587053573,2173.3918108258927,2120.382254464286,2164.556884765625,50760000,0.0,0.0
2021-09-06 00:00:00+07:00,2191.0615234375,2235.236150926159,2164.5567469443045,2191.0615234375,51684400,0.0,0.0
2021-09-07 00:00:00+07:00,2208.731201171875,2244.070900390625,2199.8962763671875,2208.731201171875,70448400,0.0,0.0
2021-09-08 00:00:00+07:00,2226.40105078125,2226.40105078125,2164.5565771484376,2208.731201171875,84660600,0.0,0.0
2021-09-09 00:00:00+07:00,2226.4014363927167,2244.0712890625,2164.5569520484746,2244.0712890625,93331600,0.0,0.0
2021-09-10 00:00:00+07:00,2217.5662999306955,2226.4012254284276,2182.226597939768,2191.0615234375,107576800,0.0,0.0
2021-09-13 00:00:00+07:00,2155.7217511432927,2199.896377191311,2138.0519007240855,2173.3916015625,104806600,0.0,0.0
2021-09-14 00:00:00+07:00,2173.391775662782,2191.0616274974386,2146.8869979107967,2155.721923828125,84931400,0.0,0.0
2021-09-15 00:00:00+07:00,2182.226736886161,2191.0616629464284,2155.7219587053573,2164.556884765625,135497800,0.0,0.0
2021-09-16 00:00:00+07:00,2182.2265267721036,2191.0614519817073,2164.5566763528964,2173.3916015625,61344200,0.0,0.0
2021-09-17 00:00:00+07:00,2164.5567788368417,2173.391704464747,2138.052001953125,2138.052001953125,82452800,0.0,0.0
2021-09-20 00:00:00+07:00,2129.21728515625,2146.8871381450986,2093.877579178553,2129.21728515625,57569200,0.0,0.0
2021-09-21 00:00:00+07:00,2129.216969510003,2129.216969510003,2093.8772687712476,2111.547119140625,45153400,0.0,0.0
2021-09-22 00:00:00+07:00,2111.5474999196244,2155.7221338091563,2102.712573141718,2146.88720703125,26711200,0.0,0.0
2021-09-23 00:00:00+07:00,2164.5570605870626,2164.5570605870626,2129.217353475437,2146.88720703125,40606000,0.0,0.0
2021-09-24 00:00:00+07:00,2146.8868198793803,2155.721745064069,2093.8772687712476,2111.547119140625,50278400,0.0,0.0
2021-09-27 00:00:00+07:00,2120.382183527542,2129.2171092922404,2085.04248046875,2085.04248046875,68500800,0.0,0.0
2021-09-28 00:00:00+07:00,2102.71240234375,2129.2171805245534,2085.042550223214,2102.71240234375,64652200,0.0,0.0
2021-09-29 00:00:00+07:00,2102.712229410807,2138.0519307454424,2093.8773040771484,2120.382080078125,56467400,0.0,0.0
2021-09-30 00:00:00+07:00,2138.0519007240855,2173.3916015625,2120.3820503048782,2173.3916015625,82812000,0.0,0.0
2021-10-01 00:00:00+07:00,2173.391775662782,2191.0616274974386,2138.0520719934684,2155.721923828125,74975400,0.0,0.0
2021-10-04 00:00:00+07:00,2182.2265040570705,2297.08053058639,2173.3915789394305,2288.24560546875,156691600,0.0,0.0
2021-10-05 00:00:00+07:00,2279.4110986138135,2314.7508055690664,2252.9063183973735,2270.576171875,94886200,0.0,0.0
2021-10-06 00:00:00+07:00,2288.2460206927676,2358.9254344593396,2279.4110939719462,2332.420654296875,168775800,0.0,0.0
2021-10-07 00:00:00+07:00,2350.0904012651586,2411.934885508979,2341.255474944613,2367.76025390625,253196600,0.0,0.0
2021-10-08 00:00:00+07:00,2376.594974241395,2464.9442297894025,2376.594974241395,2438.439453125,223592000,0.0,0.0
2021-10-11 00:00:00+07:00,2438.439453125,2447.274378679801,2403.0997509057975,2438.439453125,123020200,0.0,0.0
2021-10-12 00:00:00+07:00,2464.944127546038,2491.448903111049,2447.274277169364,2473.779052734375,191044200,0.0,0.0
2021-10-13 00:00:00+07:00,2500.2839707925286,2509.118896484375,2456.1093423332964,2509.118896484375,134998000,0.0,0.0
2021-10-14 00:00:00+07:00,2517.953927176339,2535.623779296875,2491.449148995536,2535.623779296875,104307800,0.0,0.0
2021-10-15 00:00:00+07:00,2535.6237442976944,2544.458670236014,2500.2840405444167,2526.788818359375,84353000,0.0,0.0
2021-10-18 00:00:00+07:00,2544.458705357143,2588.6333356584823,2526.7888532366073,2535.623779296875,152951600,0.0,0.0
2021-10-19 00:00:00+07:00,2562.1285925971138,2562.1285925971138,2491.449183146159,2544.458740234375,99358000,0.0,0.0
2021-10-21 00:00:00+07:00,2535.623779296875,2588.6333356584823,2517.953927176339,2535.623779296875,189264000,0.0,0.0
2021-10-22 00:00:00+07:00,2509.119035508898,2553.2936664157446,2500.2841093275283,2544.458740234375,65782600,0.0,0.0
2021-10-25 00:00:00+07:00,2535.6234631990133,2562.128238075658,2517.95361328125,2517.95361328125,76296200,0.0,0.0
2021-10-26 00:00:00+07:00,2509.1190011160716,2544.458705357143,2509.1190011160716,2535.623779296875,55872800,0.0,0.0
2021-10-27 00:00:00+07:00,2544.458670236014,2553.2935961743337,2517.9538924210556,2526.788818359375,82925200,0.0,0.0
2021-10-28 00:00:00+07:00,2517.953714934108,2526.7886402496665,2473.7790883563166,2482.614013671875,99023600,0.0,0.0
2021-10-29 00:00:00+07:00,2535.623779296875,2579.798409598214,2526.7888532366073,2535.623779296875,160952400,0.0,0.0
2021-11-01 00:00:00+07:00,2562.1285574776784,2562.1285574776784,2526.7888532366073,2535.623779296875,65621400,0.0,0.0
2021-11-02 00:00:00+07:00,2535.623565565225,2544.458490880783,2473.7790883563166,2482.614013671875,51923400,0.0,0.0
2021-11-03 00:00:00+07:00,2464.9440635279607,2562.128238075658,2447.2742136101974,2517.95361328125,107556600,0.0,0.0
2021-11-04 00:00:00+07:00,2562.1285574776784,2579.798409598214,2535.623779296875,2535.623779296875,103726400,0.0,0.0
2021-11-05 00:00:00+07:00,2562.128450635453,2562.128450635453,2473.779193716989,2509.118896484375,48035600,0.0,0.0
2021-11-08 00:00:00+07:00,2544.458454241071,2544.458454241071,2473.779052734375,2473.779052734375,50517400,0.0,0.0
2021-11-09 00:00:00+07:00,2491.4492205255683,2509.1190731534093,2420.7698100142047,2429.604736328125,120574200,0.0,0.0
2021-11-10 00:00:00+07:00,2429.604633037861,2526.788818359375,2429.604633037861,2526.788818359375,156118000,0.0,0.0
2021-11-11 00:00:00+07:00,2517.95423672686,2553.2939453125,2482.6145281412196,2553.2939453125,86362400,0.0,0.0
2021-11-12 00:00:00+07:00,2570.9633763272996,2570.9633763272996,2491.4490451006823,2509.118896484375,56807000,0.0,0.0
2021-11-15 00:00:00+07:00,2509.119071365248,2526.7889239804963,2491.44921875,2491.44921875,40131000,0.0,0.0
2021-11-16 00:00:00+07:00,2491.44945528763,2553.2939453125,2482.6145281412196,2553.2939453125,76140200,0.0,0.0
2021-11-17 00:00:00+07:00,2553.2939453125,2562.12887245891,2526.78916387327,2553.2939453125,72789600,0.0,0.0
2021-11-18 00:00:00+07:00,2544.458705357143,2553.293631417411,2526.7888532366073,2535.623779296875,30911600,0.0,0.0
2021-11-19 00:00:00+07:00,2535.6236412311423,2579.798269127155,2526.7887156519396,2562.12841796875,101125800,0.0,0.0
2021-11-22 00:00:00+07:00,2597.46826171875,2650.4778180803573,2553.293631417411,2597.46826171875,92374400,0.0,0.0
2021-11-23 00:00:00+07:00,2553.2935961743337,2570.9634480509726,2509.118966482736,2526.788818359375,63127600,0.0,0.0
2021-11-24 00:00:00+07:00,2517.9538924210556,2535.6237442976944,2509.118966482736,2526.788818359375,56217000,0.0,0.0
2021-11-25 00:00:00+07:00,2553.293631417411,2606.303187779018,2535.623779296875,2597.46826171875,97473400,0.0,0.0
2021-11-26 00:00:00+07:00,2588.6332277109923,2588.6332277109923,2500.2839707925286,2509.118896484375,78633400,0.0,0.0
2021-11-29 00:00:00+07:00,2509.1190011160716,2570.9634835379466,2447.2745186941966,2535.623779296875,112673000,0.0,0.0
2021-11-30 00:00:00+07:00,2562.1283046177455,2562.1283046177455,2456.1092023577007,2473.779052734375,219340400,0.0,0.0
2021-12-01 00:00:00+07:00,2473.7791588449645,2517.9537866814817,2456.109307710358,2500.283935546875,93119800,0.0,0.0
2021-12-02 00:00:00+07:00,2500.2841093275283,2562.1285925971138,2473.7793307834204,2544.458740234375,70416400,0.0,0.0
2021-12-03 00:00:00+07:00,2544.458670236014,2553.2935961743337,2509.118966482736,2526.788818359375,46109400,0.0,0.0
2021-12-06 00:00:00+07:00,2526.7888532366073,2562.1285574776784,2509.1190011160716,2535.623779296875,52050400,0.0,0.0
2021-12-07 00:00:00+07:00,2535.6237107368365,2579.79833984375,2535.6237107368365,2579.79833984375,64289400,0.0,0.0
2021-12-08 00:00:00+07:00,2570.9634480509726,2579.798373989292,2526.788818359375,2526.788818359375,56064200,0.0,0.0
2021-12-09 00:00:00+07:00,2562.1285574776784,2597.46826171875,2517.953927176339,2597.46826171875,42688600,0.0,0.0
2021-12-10 00:00:00+07:00,2544.458740234375,2553.2936664157446,2509.119035508898,2544.458740234375,93532200,0.0,0.0
2021-12-13 00:00:00+07:00,2544.4583881578947,2553.2933131167765,2517.95361328125,2517.95361328125,50091200,0.0,0.0
2021-12-14 00:00:00+07:00,2517.953927176339,2544.458705357143,2509.1190011160716,2535.623779296875,65061400,0.0,0.0
2021-12-15 00:00:00+07:00,2526.788990348475,2588.633476126235,2517.954063808795,2570.963623046875,75677400,0.0,0.0
2021-12-16 00:00:00+07:00,2579.798269127155,2588.6331947063577,2544.458566810345,2562.12841796875,69082400,0.0,0.0
2021-12-17 00:00:00+07:00,2553.2935961743337,2553.2935961743337,2500.2840405444167,2526.788818359375,83945200,0.0,0.0
2021-12-20 00:00:00+07:00,2509.1188611141783,2526.788712248785,2500.283935546875,2500.283935546875,57932600,0.0,0.0
2021-12-21 00:00:00+07:00,2526.788818359375,2562.128522112653,2509.118966482736,2526.788818359375,49859600,0.0,0.0
2021-12-22 00:00:00+07:00,2535.6238502881206,2544.458776595745,2491.44921875,2491.44921875,34814400,0.0,0.0
2021-12-23 00:00:00+07:00,2491.4490099795717,2526.788712248785,2491.4490099795717,2500.283935546875,44565000,0.0,0.0
2021-12-24 00:00:00+07:00,2509.119071365248,2526.7889239804963,2456.1095135195037,2491.44921875,54902200,0.0,0.0
2021-12-27 00:00:00+07:00,2491.448903111049,2509.118753487723,2464.944127546038,2473.779052734375,34096400,0.0,0.0
2021-12-28 00:00:00+07:00,2491.44921875,2491.44921875,2464.9444398271276,2491.44921875,39835400,0.0,0.0
2021-12-29 00:00:00+07:00,2500.2839707925286,2517.9538221762214,2473.779193716989,2509.118896484375,20860200,0.0,0.0
2021-12-30 00:00:00+07:00,2509.1187896185497,2517.953714934108,2482.614013671875,2482.614013671875,34951600,0.0,0.0
2022-01-03 00:00:00+07:00,2509.119071365248,2517.9539976728724,2482.6142924423757,2491.44921875,30999600,0.0,0.0
2022-01-04 00:00:00+07:00,2500.2840750558034,2544.458705357143,2491.449148995536,2535.623779296875,44541400,0.0,0.0
2022-01-05 00:00:00+07:00,2526.7886402496665,2535.623565565225,2447.274312409642,2482.614013671875,98910200,0.0,0.0
2022-01-06 00:00:00+07:00,2500.283864302992,2500.283864302992,2456.1092377252003,2482.614013671875,65651200,0.0,0.0
2022-01-07 00:00:00+07:00,2482.6142924423757,2509.119071365248,2482.6142924423757,2491.44921875,68452800,0.0,0.0
2022-01-10 00:00:00+07:00,2500.2841450576243,2509.119071365248,2491.44921875,2491.44921875,44378600,0.0,0.0
2022-01-11 00:00:00+07:00,2509.119071365248,2509.119071365248,2473.779366134752,2491.44921875,50367600,0.0,0.0
2022-01-12 00:00:00+07:00,2491.4491146060973,2526.788818359375,2491.4491146060973,2526.788818359375,34249200,0.0,0.0
2022-01-13 00:00:00+07:00,2526.788538240132,2535.6234631990133,2509.1186883223686,2517.95361328125,35763800,0.0,0.0
2022-01-14 00:00:00+07:00,2500.2840750558034,2553.293631417411,2500.2840750558034,2535.623779296875,43651400,0.0,0.0
2022-01-17 00:00:00+07:00,2562.1285925971138,2570.9635187784834,2526.7888878716367,2544.458740234375,43188000,0.0,0.0
2022-01-18 00:00:00+07:00,2535.6236412311423,2562.12841796875,2509.1188644935346,2562.12841796875,64484800,0.0,0.0
2022-01-19 00:00:00+07:00,2535.623565565225,2544.458490880783,2473.7790883563166,2482.614013671875,103093600,0.0,0.0
2022-01-20 00:00:00+07:00,2509.1190011160716,2535.623779296875,2482.614222935268,2535.623779296875,53067000,0.0,0.0
2022-01-21 00:00:00+07:00,2535.6237107368365,2579.79833984375,2517.953859094071,2579.79833984375,76806800,0.0,0.0
2022-01-24 00:00:00+07:00,2570.963623046875,2570.963623046875,2544.458843427835,2570.963623046875,44476800,0.0,0.0
2022-01-25 00:00:00+07:00,2544.45901816609,2562.12887245891,2526.78916387327,2553.2939453125,69268000,0.0,0.0
2022-01-26 00:00:00+07:00,2579.7985799017556,2641.64306640625,2553.293799971258,2641.64306640625,140636400,0.0,0.0
2022-01-27 00:00:00+07:00,2641.6426848354718,2685.8173116721855,2615.1379087334435,2668.1474609375,113618000,0.0,0.0
2022-01-28 00:00:00+07:00,2694.652135512408,2703.487060546875,2668.1473604090074,2703.487060546875,121145200,0.0,0.0
2022-01-31 00:00:00+07:00,2747.6621861282397,2747.6621861282397,2632.8081397627507,2641.64306640625,101700800,0.0,0.0
2022-02-02 00:00:00+07:00,2659.312919693248,2659.312919693248,2632.8081397627507,2641.64306640625,68769000,0.0,0.0
2022-02-03 00:00:00+07:00,2641.64306640625,2641.64306640625,2597.4684331887543,2641.64306640625,60204000,0.0,0.0
2022-02-04 00:00:00+07:00,2632.8081397627507,2659.312919693248,2615.1382864757525,2641.64306640625,36629400,0.0,0.0
2022-02-07 00:00:00+07:00,2703.48708984375,2703.48708984375,2641.6426139322916,2650.4775390625,68867800,0.0,0.0
2022-02-08 00:00:00+07:00,2685.817418032787,2729.9920466188523,2668.1475665983603,2694.65234375,158581800,0.0,0.0
2022-02-09 00:00:00+07:00,2721.1571915716613,2729.992117518322,2685.817487785016,2712.322265625,107360800,0.0,0.0
2022-02-10 00:00:00+07:00,2721.157261326861,2738.827113673139,2703.4874089805826,2729.9921875,107679400,0.0,0.0
2022-02-11 00:00:00+07:00,2747.6620398462783,2747.6620398462783,2703.4874089805826,2729.9921875,81582600,0.0,0.0
2022-02-14 00:00:00+07:00,2721.1568822616186,2756.49658203125,2694.652107434395,2756.49658203125,76263200,0.0,0.0
2022-02-15 00:00:00+07:00,2756.496724189082,2791.83642578125,2712.3220971988726,2791.83642578125,67804400,0.0,0.0
2022-02-16 00:00:00+07:00,2800.671279421278,2800.671279421278,2738.8268032195465,2774.16650390625,74785000,0.0,0.0
2022-02-17 00:00:00+07:00,2783.001429077926,2783.001429077926,2712.3220277045184,2774.16650390625,103038800,0.0,0.0
2022-02-18 00:00:00+07:00,2765.331578734574,2809.506204592954,2738.8268032195465,2774.16650390625,81303200,0.0,0.0
2022-02-21 00:00:00+07:00,2774.16650390625,2800.671279421278,2774.16650390625,2774.16650390625,31720800,0.0,0.0
2022-02-22 00:00:00+07:00,2765.331856863839,2791.836635044643,2747.6620047433034,2783.001708984375,69476600,0.0,0.0
2022-02-23 00:00:00+07:00,2800.671561104911,2809.5064871651784,2765.331856863839,2783.001708984375,85991000,0.0,0.0
2022-02-24 00:00:00+07:00,2729.992152622768,2783.001708984375,2703.487374441964,2721.1572265625,170297000,0.0,0.0
2022-02-25 00:00:00+07:00,2729.992152622768,2738.827078683036,2703.487374441964,2721.1572265625,163299800,0.0,0.0
2022-03-01 00:00:00+07:00,2712.321985581342,2774.16646082261,2703.487060546875,2703.487060546875,149532200,0.0,0.0
2022-03-02 00:00:00+07:00,2703.487269467213,2729.9920466188523,2668.1475665983603,2694.65234375,110824000,0.0,0.0
2022-03-04 00:00:00+07:00,2721.156910615809,2729.991835650276,2685.817210477941,2703.487060546875,104914600,0.0,0.0
2022-03-07 00:00:00+07:00,2668.1474609375,2694.6522370395282,2650.4776102028145,2668.1474609375,137667600,0.0,0.0
2022-03-08 00:00:00+07:00,2694.6522370395282,2721.157013141556,2668.1474609375,2668.1474609375,104072200,0.0,0.0
2022-03-09 00:00:00+07:00,2676.982492315574,2729.9920466188523,2676.982492315574,2694.65234375,115109200,0.0,0.0
2022-03-10 00:00:00+07:00,2721.1571915716613,2738.8270434649835,2685.817487785016,2712.322265625,105803000,0.0,0.0
2022-03-11 00:00:00+07:00,2729.991835650276,2729.991835650276,2685.817210477941,2703.487060546875,122401600,0.0,0.0
2022-03-14 00:00:00+07:00,2703.4874432963707,2765.331927293347,2694.6525170110885,2738.8271484375,173513400,0.0,0.0
2022-03-15 00:00:00+07:00,2756.4967908460612,2783.0015676811195,2747.661865234375,2747.661865234375,146735400,0.0,0.0
2022-03-16 00:00:00+07:00,2756.497033461085,2844.846297354068,2756.497033461085,2809.506591796875,291909800,0.0,0.0
2022-03-17 00:00:00+07:00,2827.1764445754716,2862.516150132665,2809.506591796875,2809.506591796875,235559000,0.0,0.0
2022-03-18 00:00:00+07:00,2818.3412377390573,2827.176163249211,2783.0015356984422,2800.67138671875,212233400,0.0,0.0
2022-03-21 00:00:00+07:00,2841.6338217741522,2860.1460942287067,2813.86541309232,2832.377685546875,162364400,180.3178,0.0
2022-03-22 00:00:00+07:00,2850.889925183225,2869.4021974246743,2832.3776529417755,2841.6337890625,112672400,0.0,0.0
2022-03-23 00:00:00+07:00,2841.6339013200864,2887.9145837520095,2832.377764833702,2878.658447265625,183894800,0.0,0.0
2022-03-24 00:00:00+07:00,2850.890082807571,2934.1953125,2850.890082807571,2934.1953125,210909800,0.0,0.0
2022-03-25 00:00:00+07:00,2943.451302498009,2952.7074386693866,2878.6583492983677,2906.4267578125,136083000,0.0,0.0
2022-03-28 00:00:00+07:00,2915.68310546875,2924.9392423115078,2887.9146949404762,2915.68310546875,95354400,0.0,0.0
2022-03-29 00:00:00+07:00,2952.7075857649843,2971.2198590299686,2915.6830392350157,2934.1953125,160112200,0.0,0.0
2022-03-30 00:00:00+07:00,2943.4515159970238,2952.707652839782,2906.4269686259922,2915.68310546875,82476000,0.0,0.0
2022-03-31 00:00:00+07:00,2934.1948558952236,2952.7071262794207,2906.426450318928,2924.938720703125,69174000,0.0,0.0
2022-04-01 00:00:00+07:00,2924.9392423115078,2924.9392423115078,2878.6585580977185,2915.68310546875,62912400,0.0,0.0
2022-04-04 00:00:00+07:00,2897.17041015625,2924.9388166433705,2878.658139164836,2897.17041015625,82013800,0.0,0.0
2022-04-05 00:00:00+07:00,2887.914274660543,2915.6826811476635,2887.914274660543,2897.17041015625,82378200,0.0,0.0
2022-04-06 00:00:00+07:00,2887.9144696661238,2887.9144696661238,2832.3776529417755,2841.6337890625,129476400,0.0,0.0
2022-04-07 00:00:00+07:00,2841.633756563261,2878.6583006227174,2823.121484533533,2850.889892578125,136162800,0.0,0.0
2022-04-08 00:00:00+07:00,2887.9144366375813,2887.9144366375813,2841.633756563261,2850.889892578125,94622400,0.0,0.0
2022-04-11 00:00:00+07:00,2850.889925183225,2869.4021974246743,2832.3776529417755,2841.6337890625,107966400,0.0,0.0
2022-04-12 00:00:00+07:00,2841.633756563261,2869.402164607853,2823.121484533533,2850.889892578125,92691200,0.0,0.0
2022-04-13 00:00:00+07:00,2841.6339668348,2869.402376934163,2832.377830135012,2860.146240234375,90558600,0.0,0.0
2022-04-14 00:00:00+07:00,2860.14606130395,2869.4021974246743,2832.3776529417755,2841.6337890625,63275600,0.0,0.0
2022-04-18 00:00:00+07:00,2841.6336089587603,2860.1458800268956,2804.60906682249,2823.121337890625,101496000,0.0,0.0
2022-04-19 00:00:00+07:00,2823.1216481023102,2841.6339212046205,2804.609375,2804.609375,104508400,0.0,0.0
2022-04-20 00:00:00+07:00,2832.3776684414806,2924.939030155255,2823.121532270103,2906.4267578125,164354800,0.0,0.0
2022-04-21 00:00:00+07:00,2961.9634789156626,3110.0616528614455,2934.195071300828,3073.037109375,337363200,0.0,0.0
2022-04-22 00:00:00+07:00,3036.012597951284,3082.2932777981027,2989.731918104466,3063.781005859375,168301800,0.0,0.0
2022-04-25 00:00:00+07:00,3036.012662661474,3128.5740243279824,2971.2197094949183,3045.268798828125,179082600,0.0,0.0
2022-04-26 00:00:00+07:00,3054.524773694798,3119.317723439839,3045.268638016935,3091.54931640625,131930600,0.0,0.0
2022-04-27 00:00:00+07:00,3063.7810711614266,3119.3178881613317,3045.268798828125,3045.268798828125,118272800,0.0,0.0
2022-04-28 00:00:00+07:00,3248.903823596805,3359.9774585915675,3211.879278598551,3313.69677734375,443163800,0.0,0.0
2022-05-09 00:00:00+07:00,3193.367095122466,3211.8793681376687,3082.29345703125,3082.29345703125,351637800,0.0,0.0
2022-05-10 00:00:00+07:00,2897.1705420223284,3026.7564448603875,2897.1705420223284,2998.988037109375,498444800,0.0,0.0
2022-05-11 00:00:00+07:00,2998.988168334961,3036.0127136230467,2961.963623046875,2961.963623046875,198922600,0.0,0.0
2022-05-12 00:00:00+07:00,2952.707652839782,2980.4760633680557,2860.1462844122025,2915.68310546875,162727200,0.0,0.0
2022-05-13 00:00:00+07:00,2915.6829599233774,2924.9390963040864,2869.4022780198316,2887.91455078125,165507800,0.0,0.0
2022-05-17 00:00:00+07:00,2887.914485469745,2961.963574840764,2887.914485469745,2906.4267578125,149548800,0.0,0.0
2022-05-18 00:00:00+07:00,2952.7071262794207,2971.2193966636173,2887.9141799347312,2924.938720703125,162519200,0.0,0.0
2022-05-19 00:00:00+07:00,2887.9141799347312,2934.1948558952236,2869.401909550534,2924.938720703125,127740400,0.0,0.0
2022-05-20 00:00:00+07:00,2943.451350402832,2980.4758956909177,2943.451350402832,2961.963623046875,106866400,0.0,0.0
2022-05-23 00:00:00+07:00,2980.4760633680557,2989.7322002108135,2887.9146949404762,2915.68310546875,144005200,0.0,0.0
2022-05-24 00:00:00+07:00,2943.451449132492,2980.4759956624607,2924.939175867508,2934.1953125,134555000,0.0,0.0
2022-05-25 00:00:00+07:00,2924.939030155255,2980.475847183519,2897.1706216411226,2906.4267578125,132635400,0.0,0.0
2022-05-27 00:00:00+07:00,2961.963493441358,3008.244173026379,2943.4512216073495,2998.988037109375,155078600,0.0,0.0
2022-05-30 00:00:00+07:00,3036.012451171875,3036.012451171875,2961.963366996951,3036.012451171875,117617200,0.0,0.0
2022-05-31 00:00:00+07:00,3063.780959185432,3147.086181640625,3045.2686875287222,3147.086181640625,262054000,0.0,0.0
2022-06-02 00:00:00+07:00,3082.2931287812025,3091.549264303068,2980.4756380406825,3036.012451171875,203021800,0.0,0.0
2022-06-03 00:00:00+07:00,3063.7808577374717,3073.036993259337,3036.012451171875,3036.012451171875,147960000,0.0,0.0
2022-06-06 00:00:00+07:00,3036.0127612154906,3091.5495800182134,2971.219805945648,3017.50048828125,148785000,0.0,0.0
2022-06-07 00:00:00+07:00,3036.012565888554,3091.5493811182228,3017.5002941453313,3073.037109375,132673800,0.0,0.0
2022-06-08 00:00:00+07:00,3045.268814086914,3119.317903791155,3017.5004054478236,3110.061767578125,153409200,0.0,0.0
2022-06-09 00:00:00+07:00,3110.061734977745,3147.0862794417653,3091.549462745734,3119.31787109375,216804400,0.0,0.0
2022-06-10 00:00:00+07:00,3063.7808901352255,3082.2931613747132,3017.500212036506,3026.75634765625,165119600,0.0,0.0
2022-06-13 00:00:00+07:00,2961.963493441358,2998.988037109375,2943.4512216073495,2998.988037109375,122467200,0.0,0.0
2022-06-14 00:00:00+07:00,2961.963366996951,3036.012451171875,2961.963366996951,3036.012451171875,100136600,0.0,0.0
2022-06-15 00:00:00+07:00,3008.2441582737197,3082.293245246611,3008.2441582737197,3073.037109375,142400800,0.0,0.0
2022-06-16 00:00:00+07:00,3147.086097831157,3147.086097831157,3073.037013176306,3100.805419921875,186692600,0.0,0.0
2022-06-17 00:00:00+07:00,3026.756724827061,3054.5251351465754,2989.732177734375,2989.732177734375,156836200,0.0,0.0
2022-06-20 00:00:00+07:00,2998.9880859375,3054.52490234375,2980.4758138020834,3054.52490234375,74978200,0.0,0.0
2022-06-21 00:00:00+07:00,3073.0371744791664,3091.5494466145833,3036.012630208333,3054.52490234375,62996600,0.0,0.0
2022-06-22 00:00:00+07:00,3036.0127612154906,3063.781170616852,3008.2443518141295,3017.50048828125,88306600,0.0,0.0
2022-06-23 00:00:00+07:00,3017.50048828125,3045.268897682611,2998.9882153470094,3017.50048828125,48817400,0.0,0.0
2022-06-24 00:00:00+07:00,3036.012565888554,3073.037109375,3017.5002941453313,3073.037109375,60638400,0.0,0.0
2022-06-27 00:00:00+07:00,3110.061751994681,3110.061751994681,2989.73198182822,3045.268798828125,76574400,0.0,0.0
2022-06-28 00:00:00+07:00,3017.500276442308,3036.012548076923,2961.9634615384616,3008.244140625,110131200,0.0,0.0
2022-06-29 00:00:00+07:00,2998.9882351857314,3008.2443717140823,2943.451416015625,2943.451416015625,113216400,0.0,0.0
2022-06-30 00:00:00+07:00,2961.9637223974764,2998.988268927445,2924.939175867508,2934.1953125,125507600,0.0,0.0
2022-07-01 00:00:00+07:00,2915.682726408306,2934.1949976870887,2804.6090987356083,2813.865234375,191672200,0.0,0.0
2022-07-04 00:00:00+07:00,2804.609361803209,2841.6339078336146,2693.535723711993,2739.81640625,246417000,0.0,0.0
2022-07-05 00:00:00+07:00,2758.3285957286557,2860.1460942287067,2758.3285957286557,2832.377685546875,90919800,0.0,0.0
2022-07-06 00:00:00+07:00,2832.3776036259346,2832.3776036259346,2721.303972111192,2786.096923828125,180812800,0.0,0.0
2022-07-07 00:00:00+07:00,2776.8406723484845,2795.3529434974744,2749.072265625,2749.072265625,120444800,0.0,0.0
2022-07-08 00:00:00+07:00,2795.3533719168063,2795.3533719168063,2739.816549958194,2767.5849609375,57156600,0.0,0.0
2022-07-11 00:00:00+07:00,2767.5849609375,2786.097234923704,2739.816549958194,2767.5849609375,22860800,0.0,0.0
2022-07-12 00:00:00+07:00,2767.58453677399,2767.58453677399,2730.5599944760097,2749.072265625,51524400,0.0,0.0
2022-07-13 00:00:00+07:00,2739.8163257087626,2749.0724619442653,2693.53564453125,2693.53564453125,142494200,0.0,0.0
2022-07-14 00:00:00+07:00,2684.2795082957473,2730.56018947326,2665.767235824742,2693.53564453125,158438200,0.0,0.0
2022-07-15 00:00:00+07:00,2702.791913926394,2739.816460692509,2656.51123046875,2656.51123046875,191949400,0.0,0.0
2022-07-18 00:00:00+07:00,2675.0232755699935,2721.303955078125,2675.0232755699935,2721.303955078125,152078400,0.0,0.0
2022-07-19 00:00:00+07:00,2721.303858901515,2758.3284011994947,2693.53545217803,2749.072265625,128963600,0.0,0.0
2022-07-20 00:00:00+07:00,2795.352828013746,2943.450991087322,2795.352828013746,2924.938720703125,215712600,0.0,0.0
2022-07-21 00:00:00+07:00,2961.963261471519,2961.963261471519,2860.1457743584356,2924.938720703125,125699200,0.0,0.0
2022-07-22 00:00:00+07:00,2934.1951663266323,2934.1951663266323,2878.6583492983677,2906.4267578125,54461200,0.0,0.0
2022-07-25 00:00:00+07:00,2915.6829932111636,2924.939129697548,2878.658447265625,2878.658447265625,30750600,0.0,0.0
2022-07-26 00:00:00+07:00,2897.1706687927244,2971.2197593688966,2887.914532470703,2961.963623046875,58317600,0.0,0.0
2022-07-27 00:00:00+07:00,2980.4757652753665,3008.244173026379,2961.963493441358,2998.988037109375,87439200,0.0,0.0
2022-07-28 00:00:00+07:00,2971.2194505774455,3036.012398097826,2971.2194505774455,2980.4755859375,94427400,0.0,0.0
2022-07-29 00:00:00+07:00,3045.2687339206477,3091.5494137674664,3017.500326012557,3063.781005859375,132709400,0.0,0.0
2022-08-01 00:00:00+07:00,3036.0124963264107,3045.2686319859426,2952.707275390625,2952.707275390625,95909000,0.0,0.0
2022-08-02 00:00:00+07:00,2961.963398318043,3026.75634765625,2952.707262698299,3026.75634765625,57458200,0.0,0.0
2022-08-03 00:00:00+07:00,3026.756494140625,3054.52490234375,2980.4758138020834,3054.52490234375,55822800,0.0,0.0
2022-08-04 00:00:00+07:00,3073.0371744791664,3073.0371744791664,3017.5003580729167,3054.52490234375,75188600,0.0,0.0
2022-08-05 00:00:00+07:00,3063.781038411458,3073.0371744791664,3026.756494140625,3054.52490234375,64150800,0.0,0.0
2022-08-08 00:00:00+07:00,3054.524773694798,3091.54931640625,3045.268638016935,3091.54931640625,82522000,0.0,0.0
2022-08-09 00:00:00+07:00,3119.318048977922,3184.111005484882,3110.0619123340707,3137.830322265625,117148200,0.0,0.0
2022-08-10 00:00:00+07:00,3091.549478220385,3184.11083984375,3054.524933571039,3184.11083984375,79950200,0.0,0.0
2022-08-11 00:00:00+07:00,3193.3670750950787,3211.8793479941805,3119.3179834986713,3156.342529296875,106627400,0.0,0.0
2022-08-12 00:00:00+07:00,3156.3425955533276,3174.8548688410306,3119.318048977922,3137.830322265625,62626200,0.0,0.0
2022-08-15 00:00:00+07:00,3128.5739746093745,3165.5985186875923,3110.061702570266,3128.573974609375,44464800,0.0,0.0
2022-08-16 00:00:00+07:00,3165.598665746426,3202.6232115446296,3137.830256397773,3156.342529296875,109260400,0.0,0.0
2022-08-18 00:00:00+07:00,3248.903792980105,3258.159929142442,3174.8547036814134,3184.11083984375,116693200,0.0,0.0
2022-08-19 00:00:00+07:00,3184.110724954044,3202.6229966107535,3147.086181640625,3147.086181640625,48290200,0.0,0.0
2022-08-22 00:00:00+07:00,3119.3179834986713,3165.598665746426,3091.549574150018,3156.342529296875,121399800,0.0,0.0
2022-08-23 00:00:00+07:00,3147.086263020833,3211.8792154947914,3128.5739908854166,3193.366943359375,95553400,0.0,0.0
2022-08-24 00:00:00+07:00,3184.1108072916663,3221.1353515624996,3165.59853515625,3193.366943359375,60958200,0.0,0.0
2022-08-25 00:00:00+07:00,3165.598356641764,3193.3667632789725,3119.3176789130835,3174.8544921875,77254800,0.0,0.0
2022-08-26 00:00:00+07:00,3193.366860782399,3202.6229966107535,3147.086181640625,3147.086181640625,82356600,0.0,0.0
2022-08-29 00:00:00+07:00,3110.0618146929824,3184.110905519006,3091.5495419864765,3165.5986328125,62683800,0.0,0.0
2022-08-30 00:00:00+07:00,3193.366910901373,3239.647590769509,3174.8546389541184,3202.623046875,109649400,0.0,0.0
2022-08-31 00:00:00+07:00,3147.086216123764,3276.672119140625,3128.5739442642125,3276.672119140625,151631600,0.0,0.0
2022-09-01 00:00:00+07:00,3276.6722648043597,3313.6968101693806,3211.8793104155725,3304.440673828125,120967800,0.0,0.0
2022-09-02 00:00:00+07:00,3322.952798789504,3332.20893471928,3230.391439491746,3276.672119140625,90044600,0.0,0.0
2022-09-05 00:00:00+07:00,3276.6722323454956,3332.209049842877,3258.1599598463686,3313.69677734375,60491000,0.0,0.0
2022-09-06 00:00:00+07:00,3322.9528317546033,3332.208967776204,3258.1598796033995,3267.416015625,65296200,0.0,0.0
2022-09-07 00:00:00+07:00,3248.903679302377,3285.92822265625,3230.39140762544,3285.92822265625,97771400,0.0,0.0
2022-09-08 00:00:00+07:00,3295.184504844623,3369.233594841131,3267.416096095932,3313.69677734375,96931000,0.0,0.0
2022-09-09 00:00:00+07:00,3359.977294921875,3369.233430720558,3313.696615928461,3359.977294921875,128510800,0.0,0.0
2022-09-12 00:00:00+07:00,3387.7460604883345,3406.2583340429155,3359.977650156463,3397.002197265625,110819000,0.0,0.0
2022-09-13 00:00:00+07:00,3424.77048843626,3517.3318529885914,3415.514351981027,3498.819580078125,185487800,0.0,0.0
2022-09-14 00:00:00+07:00,3434.0263350291916,3480.3070133988576,3406.2579280073924,3443.282470703125,119631200,0.0,0.0
2022-09-15 00:00:00+07:00,3480.3069487383023,3517.3314907461563,3443.2824067304477,3461.794677734375,156750600,0.0,0.0
2022-09-16 00:00:00+07:00,3434.026597243089,3443.282733623798,3341.4652334359976,3369.233642578125,167812600,0.0,0.0
2022-09-19 00:00:00+07:00,3424.7705408938855,3443.2828140879064,3387.7459945058436,3415.514404296875,137396600,0.0,0.0
2022-09-20 00:00:00+07:00,3452.538984215778,3471.051257589589,3406.25830078125,3406.25830078125,140752200,0.0,0.0
2022-09-21 00:00:00+07:00,3387.745688384434,3434.0263671875,3369.2334168632074,3434.0263671875,71044400,0.0,0.0
2022-09-22 00:00:00+07:00,3434.0267108419666,3443.2828475288725,3397.0021640943446,3406.25830078125,96479200,0.0,0.0
2022-09-23 00:00:00+07:00,3406.25830078125,3424.7705741550612,3387.7460274074388,3406.25830078125,61877000,0.0,0.0
2022-09-26 00:00:00+07:00,3378.4900661159204,3471.051437790329,3313.6971059438342,3424.770751953125,133769600,0.0,0.0
2022-09-27 00:00:00+07:00,3424.7701357265205,3461.794677734375,3406.2578647225937,3461.794677734375,130959400,0.0,0.0
2022-09-28 00:00:00+07:00,3498.819284746724,3554.3560987903224,3434.0263350291916,3443.282470703125,133085000,0.0,0.0
2022-09-29 00:00:00+07:00,3461.7953006228886,3471.051437790329,3406.258477618243,3424.770751953125,67945200,0.0,0.0
2022-09-30 00:00:00+07:00,3443.2825529467837,3489.563232421875,3415.514145261729,3489.563232421875,113501000,0.0,0.0
2022-10-03 00:00:00+07:00,3452.5386387087265,3471.0509102299525,3415.5140956662735,3434.0263671875,54662400,0.0,0.0
2022-10-04 00:00:00+07:00,3443.2828140879064,3471.0512238789383,3415.514404296875,3415.514404296875,90247000,0.0,0.0
2022-10-05 00:00:00+07:00,3443.2825029481132,3508.0754532724054,3434.0263671875,3434.0263671875,75891600,0.0,0.0
2022-10-06 00:00:00+07:00,3443.282438631032,3452.53857421875,3415.5140318678787,3452.53857421875,43279200,0.0,0.0
2022-10-07 00:00:00+07:00,3452.538688841802,3489.563232421875,3434.0264170517657,3489.563232421875,51267000,0.0,0.0
2022-10-10 00:00:00+07:00,3471.0508777249242,3480.3070133988576,3434.0263350291916,3443.282470703125,55465000,0.0,0.0
2022-10-11 00:00:00+07:00,3489.5631490727906,3489.5631490727906,3424.7701993552587,3443.282470703125,71925600,0.0,0.0
2022-10-12 00:00:00+07:00,3471.0509606318383,3517.3316401069296,3443.2825529467837,3489.563232421875,118731400,0.0,0.0
2022-10-13 00:00:00+07:00,3517.3315751772757,3535.843846625577,3452.5386251082205,3508.075439453125,58832000,0.0,0.0
2022-10-14 00:00:00+07:00,3572.8684887175864,3572.8684887175864,3471.0509929251166,3480.30712890625,106401600,0.0,0.0
2022-10-17 00:00:00+07:00,3498.819580078125,3508.0757165333584,3443.2827613467266,3498.819580078125,60905200,0.0,0.0
2022-10-18 00:00:00+07:00,3517.33203125,3545.100442023026,3498.8197574013157,3517.33203125,67904400,0.0,0.0
2022-10-19 00:00:00+07:00,3471.0508965565223,3545.0999823497277,3452.5386251082205,3508.075439453125,71544800,0.0,0.0
2022-10-20 00:00:00+07:00,3461.795396592882,3674.68655734592,3461.795396592882,3665.430419921875,102422400,0.0,0.0
2022-10-21 00:00:00+07:00,3702.454144021739,3869.064580502717,3674.685737941576,3832.0400390625,183987800,0.0,0.0
2022-10-24 00:00:00+07:00,3822.784277939215,3887.5772318025915,3795.015869140625,3795.015869140625,102168000,0.0,0.0
2022-10-25 00:00:00+07:00,3804.2720383175424,3869.0649927414424,3785.7597656249995,3785.759765625,83305200,0.0,0.0
2022-10-26 00:00:00+07:00,3785.759064319087,3795.015198950674,3702.4538526348038,3776.5029296875,80531400,0.0,0.0
2022-10-27 00:00:00+07:00,3776.5029296875,3822.783602845435,3720.9661218979777,3776.5029296875,84531200,0.0,0.0
2022-10-28 00:00:00+07:00,3748.734525792739,3785.759064319087,3739.478391161152,3776.5029296875,102437400,0.0,0.0
2022-10-31 00:00:00+07:00,3813.528234689721,3906.0895996093745,3785.7598252138255,3906.089599609375,173874600,0.0,0.0
2022-11-01 00:00:00+07:00,3924.6020742563105,3924.6020742563105,3785.760019742526,3850.552978515625,111898000,0.0,0.0
2022-11-02 00:00:00+07:00,3841.2962837313894,3850.5524193548385,3693.1981137562034,3730.22265625,127515400,0.0,0.0
2022-11-03 00:00:00+07:00,3683.9423300253375,3776.5036951013512,3683.9423300253375,3767.24755859375,119598600,0.0,0.0
2022-11-04 00:00:00+07:00,3711.710772133813,3757.991455078125,3702.4546355449506,3757.991455078125,70781200,0.0,0.0
2022-11-07 00:00:00+07:00,3767.247460342035,3795.015869140625,3702.4545064786585,3795.015869140625,98034400,0.0,0.0
2022-11-08 00:00:00+07:00,3804.2721380224366,3804.2721380224366,3730.2230453115376,3757.991455078125,39585800,0.0,0.0
2022-11-09 00:00:00+07:00,3720.9669087226753,3757.991455078125,3720.9669087226753,3757.991455078125,68010400,0.0,0.0
2022-11-10 00:00:00+07:00,3720.9667316096843,3757.9912762028152,3702.4544593131186,3739.47900390625,61964000,0.0,0.0
2022-11-11 00:00:00+07:00,3813.528156381145,3869.064974192521,3785.759747475457,3859.808837890625,102008200,0.0,0.0
2022-11-14 00:00:00+07:00,3906.0895043349847,3906.0895043349847,3757.9913240758383,3795.015869140625,61055200,0.0,0.0
2022-11-15 00:00:00+07:00,3813.528141673018,3813.528141673018,3739.479051543445,3795.015869140625,83000800,0.0,0.0
2022-11-16 00:00:00+07:00,3739.4793823242185,3767.2477935791017,3665.430285644531,3702.454833984375,128257800,0.0,0.0
2022-11-17 00:00:00+07:00,3646.9181450737847,3711.7111070421006,3646.9181450737847,3665.430419921875,167562600,0.0,0.0
2022-11-18 00:00:00+07:00,3683.9423300253375,3785.7598316089525,3674.6861935177362,3767.24755859375,111646200,0.0,0.0
2022-11-21 00:00:00+07:00,3767.2474123510983,3776.503548499381,3711.7105954614017,3739.47900390625,52311600,0.0,0.0
2022-11-22 00:00:00+07:00,3720.9664568865737,3795.0155406057097,3720.9664568865737,3748.73486328125,79850600,0.0,0.0
2022-11-23 00:00:00+07:00,3748.734525792739,3813.527468213848,3748.734525792739,3776.5029296875,78250600,0.0,0.0
2022-11-24 00:00:00+07:00,3785.7597656249995,3813.528174663814,3776.5036292787286,3785.759765625,59701400,0.0,0.0
2022-11-25 00:00:00+07:00,3785.7598316089525,3785.7598316089525,3739.479149070946,3767.24755859375,77984800,0.0,0.0
2022-11-28 00:00:00+07:00,3767.247134211034,3804.2716760706016,3748.73486328125,3748.73486328125,64779000,0.0,0.0
2022-11-29 00:00:00+07:00,3795.0160139698096,3869.065106925318,3776.5037407309323,3822.784423828125,72261000,0.0,0.0
2022-11-30 00:00:00+07:00,3822.7839245286523,3998.650497327791,3822.7839245286523,3896.8330078125,347136800,0.0,0.0
2022-12-01 00:00:00+07:00,3896.833663353553,3943.1143481914814,3850.552978515625,3850.552978515625,141493000,0.0,0.0
2022-12-02 00:00:00+07:00,3850.552330760095,3896.8330078125,3822.7839245286523,3896.8330078125,70811400,0.0,0.0
2022-12-05 00:00:00+07:00,3943.1134866648704,4072.6993758979884,3915.345081829202,4026.418701171875,146472800,0.0,0.0
2022-12-06 00:00:00+07:00,4026.418913395033,4072.6995905604936,3970.882100796481,4035.675048828125,139360200,0.0,0.0
2022-12-07 00:00:00+07:00,3933.8577454348642,3961.6261530496986,3841.29638671875,3841.29638671875,200886200,0.0,0.0
2022-12-08 00:00:00+07:00,3730.2221989418144,3785.7590058739506,3693.197660987057,3720.966064453125,279908400,0.0,0.0
2022-12-09 00:00:00+07:00,3683.9421712649555,3720.9667156997793,3637.661490721426,3674.68603515625,241338200,0.0,0.0
2022-12-12 00:00:00+07:00,3637.661458537806,3702.4544107255024,3619.1491864841787,3683.942138671875,183717600,0.0,0.0
2022-12-13 00:00:00+07:00,3619.149732801649,3702.454969618055,3619.149732801649,3665.430419921875,224176000,0.0,0.0
2022-12-14 00:00:00+07:00,3730.222818805944,3739.4789548327576,3683.942138671875,3683.942138671875,162689200,0.0,0.0
2022-12-15 00:00:00+07:00,3665.4304199218745,3711.7111070421006,3665.4304199218745,3665.430419921875,82673400,0.0,0.0
2022-12-16 00:00:00+07:00,3637.661506275139,3739.47900390625,3637.661506275139,3739.47900390625,770252400,0.0,0.0
2022-12-19 00:00:00+07:00,3702.454833984375,3730.2232452392577,3665.430285644531,3702.454833984375,100871400,0.0,0.0
2022-12-20 00:00:00+07:00,3702.4537954757466,3720.966064453125,3683.9415264983677,3720.966064453125,56633800,0.0,0.0
2022-12-21 00:00:00+07:00,3748.7355194091797,3748.7355194091797,3702.454833984375,3702.454833984375,37945200,0.0,0.0
2022-12-22 00:00:00+07:00,3739.4789548327576,3739.4789548327576,3683.942138671875,3683.942138671875,78836200,0.0,0.0
2022-12-23 00:00:00+07:00,3665.429899047544,3702.4544434823674,3665.429899047544,3674.68603515625,38571200,0.0,0.0
2022-12-26 00:00:00+07:00,3693.197660987057,3720.966064453125,3683.9415264983677,3720.966064453125,19578800,0.0,0.0
2022-12-27 00:00:00+07:00,3720.96668277913,3720.96668277913,3656.173730591434,3683.942138671875,43282000,0.0,0.0
2022-12-28 00:00:00+07:00,3702.4543781328325,3702.4543781328325,3646.9175624608397,3693.1982421875,30258400,0.0,0.0
2022-12-29 00:00:00+07:00,3665.429834351504,3693.1982421875,3656.1736984061718,3693.1982421875,56981400,0.0,0.0
2022-12-30 00:00:00+07:00,3702.4544434823674,3720.9667156997793,3674.6860351562495,3674.68603515625,40655800,0.0,0.0
2023-01-02 00:00:00+07:00,3674.686100672468,3693.1983732199365,3656.1738281249995,3656.173828125,5985400,0.0,0.0
2023-01-03 00:00:00+07:00,3646.91759456462,3693.1982746986887,3646.91759456462,3683.942138671875,13815200,0.0,0.0
2023-01-04 00:00:00+07:00,3711.710693359375,3730.2229661442097,3693.1984205745403,3711.710693359375,38575800,0.0,0.0
2023-01-05 00:00:00+07:00,3720.9668490577287,3720.9668490577287,3600.6370753319816,3637.66162109375,84945800,0.0,0.0
2023-01-06 00:00:00+07:00,3600.636865732621,3628.4052734375,3554.3561862244896,3628.4052734375,44097000,0.0,0.0
2023-01-09 00:00:00+07:00,3609.892854273779,3646.9173963688945,3554.3560411311055,3600.63671875,67250600,0.0,0.0
2023-01-10 00:00:00+07:00,3517.3315890330186,3535.843860554245,3397.001824145047,3434.0263671875,214538800,0.0,0.0
2023-01-11 00:00:00+07:00,3359.9774585915675,3397.002003589822,3295.184504844623,3313.69677734375,193915000,0.0,0.0
2023-01-12 00:00:00+07:00,3332.2092072860055,3498.8196676503057,3332.2092072860055,3406.25830078125,219659400,0.0,0.0
2023-01-13 00:00:00+07:00,3378.489923711044,3415.514470820206,3350.7215133791724,3397.002197265625,107483800,0.0,0.0
2023-01-16 00:00:00+07:00,3369.2333853116597,3461.7947420509913,3369.2333853116597,3443.282470703125,145710000,0.0,0.0
2023-01-17 00:00:00+07:00,3480.307396834936,3637.661720628005,3471.051260141226,3609.893310546875,146238000,0.0,0.0
2023-01-18 00:00:00+07:00,3572.868538581888,3619.1492191334673,3517.3317219199935,3535.843994140625,95360600,0.0,0.0
2023-01-19 00:00:00+07:00,3554.3564903846154,3637.661720628005,3526.5880803034856,3609.893310546875,81704200,0.0,0.0
2023-01-20 00:00:00+07:00,3646.9175624608397,3702.4543781328325,3628.4052905701756,3693.1982421875,93227400,0.0,0.0
2023-01-24 00:00:00+07:00,3646.9181450737847,3693.1988321940103,3628.4058702256943,3665.430419921875,35028000,0.0,0.0
2023-01-25 00:00:00+07:00,3628.405157659472,3646.91742887202,3591.380615234375,3591.380615234375,72767800,0.0,0.0
2023-01-26 00:00:00+07:00,3619.149348212866,3656.173893974634,3609.8932117724235,3637.66162109375,70558600,0.0,0.0
2023-01-27 00:00:00+07:00,3665.430011397288,3757.991375321462,3665.430011397288,3711.710693359375,216788400,0.0,0.0
2023-01-30 00:00:00+07:00,3711.710546752316,3748.7350908595713,3656.173730591434,3683.942138671875,82589400,0.0,0.0
2023-01-31 00:00:00+07:00,3711.710546752316,3739.4789548327576,3656.173730591434,3683.942138671875,167297000,0.0,0.0
2023-02-01 00:00:00+07:00,3683.9419712971167,3720.9665137222137,3582.124479628101,3591.380615234375,165628800,0.0,0.0
2023-02-02 00:00:00+07:00,3600.63671875,3609.892854273779,3545.0999056073265,3600.63671875,99351800,0.0,0.0
2023-02-03 00:00:00+07:00,3609.8930823953083,3683.9421712649555,3609.8930823953083,3674.68603515625,108125400,0.0,0.0
2023-02-06 00:00:00+07:00,3674.686100672468,3720.966782041139,3609.893146756329,3656.173828125,109098400,0.0,0.0
2023-02-07 00:00:00+07:00,3683.9423300253375,3785.7598316089525,3665.430057010135,3767.24755859375,118132000,0.0,0.0
2023-02-08 00:00:00+07:00,3748.734525792739,3785.759064319087,3739.478391161152,3776.5029296875,75656000,0.0,0.0
2023-02-09 00:00:00+07:00,3813.528141673018,3850.552686737805,3795.015869140625,3795.015869140625,121757400,0.0,0.0
2023-02-10 00:00:00+07:00,3869.065388207297,3869.065388207297,3757.9917406989534,3813.528564453125,81114600,0.0,0.0
2023-02-13 00:00:00+07:00,3906.0891219429345,3906.0891219429345,3795.0154976222825,3832.0400390625,56771800,0.0,0.0
2023-02-14 00:00:00+07:00,3869.0647943335844,3869.0647943335844,3804.271843232304,3841.29638671875,39570600,0.0,0.0
2023-02-15 00:00:00+07:00,3813.528174663814,3832.0404473563567,3739.479083893643,3785.759765625,75595200,0.0,0.0
2023-02-16 00:00:00+07:00,3785.7598316089525,3804.272104624155,3748.735285578547,3767.24755859375,49569000,0.0,0.0
2023-02-17 00:00:00+07:00,3767.2478779913154,3813.5285644531255,3739.4794661142296,3813.528564453125,58521000,0.0,0.0
2023-02-20 00:00:00+07:00,3813.5278641081204,3813.5278641081204,3776.5033217381383,3804.271728515625,40696400,0.0,0.0
2023-02-21 00:00:00+07:00,3813.527468213848,3813.527468213848,3767.246795055913,3776.5029296875,52604400,0.0,0.0
2023-02-22 00:00:00+07:00,3748.7355194091797,3767.2477935791017,3683.942559814453,3702.454833984375,75513400,0.0,0.0
2023-02-23 00:00:00+07:00,3693.1981137562034,3739.478791873449,3674.685842509305,3730.22265625,177505200,0.0,0.0
2023-02-24 00:00:00+07:00,3748.73486328125,3785.7594051408178,3730.222592351466,3748.73486328125,54138200,0.0,0.0
2023-02-27 00:00:00+07:00,3730.2230453115376,3757.991455078125,3720.9669087226753,3757.991455078125,47901800,0.0,0.0
2023-02-28 00:00:00+07:00,3730.2232452392577,3757.9916564941404,3702.454833984375,3702.454833984375,146440400,0.0,0.0
2023-03-01 00:00:00+07:00,3757.9912762028152,3776.503548499381,3720.9667316096843,3739.47900390625,89565600,0.0,0.0
2023-03-02 00:00:00+07:00,3757.9913565861857,3813.528174663814,3757.9913565861857,3785.759765625,72991800,0.0,0.0
2023-03-03 00:00:00+07:00,3776.502871385261,3795.01514036264,3711.7099299644356,3720.966064453125,88630600,0.0,0.0
2023-03-06 00:00:00+07:00,3767.247134211034,3785.7594051408178,3730.222592351466,3748.73486328125,53728800,0.0,0.0
2023-03-07 00:00:00+07:00,3757.9914220861483,3804.272104624155,3748.735285578547,3767.24755859375,80065800,0.0,0.0
2023-03-08 00:00:00+07:00,3795.0155929231296,3804.271728515625,3767.247186145643,3804.271728515625,104838200,0.0,0.0
2023-03-09 00:00:00+07:00,3850.552425986842,3887.5769685444075,3832.040154708059,3869.064697265625,83286000,0.0,0.0
2023-03-10 00:00:00+07:00,3859.8086584619728,3859.8086584619728,3804.271843232304,3841.29638671875,107531000,0.0,0.0
2023-03-13 00:00:00+07:00,3804.271632982337,3841.296174422554,3785.759362262228,3832.0400390625,92827600,0.0,0.0
2023-03-14 00:00:00+07:00,3776.5035323520146,3804.2719406781325,3646.917626830132,3674.68603515625,191898400,0.0,0.0
2023-03-15 00:00:00+07:00,3720.966064453125,3767.2467368965717,3646.9169885436104,3720.966064453125,262828600,0.0,0.0
2023-03-16 00:00:00+07:00,3730.2229518212644,3730.2229518212644,3637.6615882524984,3646.917724609375,135467400,0.0,0.0
2023-03-17 00:00:00+07:00,3683.942187016553,3748.7351400545326,3674.6860508682703,3739.47900390625,224171600,0.0,0.0
2023-03-20 00:00:00+07:00,3720.967108154297,3739.4793823242185,3702.454833984375,3702.454833984375,46333000,0.0,0.0
2023-03-21 00:00:00+07:00,3739.478501674107,3887.57666015625,3730.222366768973,3887.57666015625,131331000,0.0,0.0
2023-03-24 00:00:00+07:00,3933.857559064113,4054.1873196943093,3915.3452881979288,4035.675048828125,222156200,0.0,0.0
2023-03-27 00:00:00+07:00,4047.091126685049,4056.8197111241957,3969.262451171875,3969.262451171875,151825600,264.6684,0.0
2023-03-28 00:00:00+07:00,3969.2626591435187,3998.4484139901624,3930.348319347994,3940.076904296875,103951000,0.0,0.0
2023-03-29 00:00:00+07:00,3988.719936499849,4037.3628625547253,3969.262766077899,4027.63427734375,107454600,0.0,0.0
2023-03-30 00:00:00+07:00,4027.634382401818,4047.0915533312955,3978.9914550781245,3978.991455078125,97186200,0.0,0.0
2023-03-31 00:00:00+07:00,3998.4485909598216,4017.90576171875,3969.2628348214284,4017.90576171875,92013200,0.0,0.0
2023-04-03 00:00:00+07:00,4047.0912076900236,4095.734130859375,4047.0912076900236,4095.734130859375,101724400,0.0,0.0
2023-04-04 00:00:00+07:00,4086.0061410757207,4124.920485276442,3969.2631084735576,4047.091796875,94482600,0.0,2.0
2023-04-05 00:00:00+07:00,4008.1770732094797,4086.0057542426734,4008.1770732094797,4066.548583984375,42655500,0.0,0.0
2023-04-06 00:00:00+07:00,4066.5486181876513,4066.5486181876513,4008.1771069218,4027.63427734375,47999400,0.0,0.0
2023-04-10 00:00:00+07:00,4008.176788928462,4027.6339578067555,3930.348113415288,3969.262451171875,74787800,0.0,0.0
2023-04-11 00:00:00+07:00,3969.262451171875,3969.262451171875,3930.348113415288,3969.262451171875,37744800,0.0,0.0
2023-04-12 00:00:00+07:00,3969.2633874393205,4066.5492547785193,3969.2633874393205,4008.177734375,111901500,0.0,0.0
2023-04-13 00:00:00+07:00,4027.6345584032015,4047.0917301829268,3988.72021484375,3988.72021484375,67928500,0.0,0.0
2023-04-14 00:00:00+07:00,4008.1770732094797,4086.0057542426734,4008.1770732094797,4066.548583984375,142479800,0.0,0.0
2023-04-17 00:00:00+07:00,4066.5489019626525,4086.0060737423782,3988.72021484375,3988.72021484375,95789900,0.0,0.0
2023-04-18 00:00:00+07:00,4008.1771069218,4086.0057886096015,3988.719936499849,4027.63427734375,106962300,0.0,0.0
2023-04-26 00:00:00+07:00,4202.749173677885,4222.206345778245,4027.634624774639,4047.091796875,207338000,0.0,0.0
2023-04-27 00:00:00+07:00,4027.634624774639,4066.5489689753604,4027.634624774639,4047.091796875,51076300,0.0,0.0
2023-04-28 00:00:00+07:00,4066.5486181876513,4066.5486181876513,4008.1771069218,4027.63427734375,116957800,0.0,0.0
2023-05-02 00:00:00+07:00,4086.0056152343755,4086.0056152343755,4027.6341064453127,4086.005615234375,98024100,0.0,0.0
2023-05-03 00:00:00+07:00,4086.0057542426734,4086.0057542426734,4008.1770732094797,4066.548583984375,110683000,0.0,0.0
2023-05-04 00:00:00+07:00,4027.6342773437505,4066.5486181876513,3988.719936499849,4027.63427734375,100945900,0.0,0.0
2023-05-05 00:00:00+07:00,4027.6342773437505,4047.0914477657007,3988.719936499849,4027.63427734375,64499500,0.0,0.0
2023-05-08 00:00:00+07:00,4027.6345584032015,4047.0917301829268,3988.72021484375,3988.72021484375,64678000,0.0,0.0
2023-05-09 00:00:00+07:00,3969.2627291537747,3988.7198993947245,3930.348388671875,3930.348388671875,93531000,0.0,0.0
2023-05-10 00:00:00+07:00,3930.348736241533,3988.7202521263084,3930.348736241533,3949.805908203125,58148200,0.0,0.0
2023-05-11 00:00:00+07:00,3949.8052822935815,3969.262451171875,3910.8909445369945,3969.262451171875,63262300,0.0,0.0
2023-05-12 00:00:00+07:00,3949.806088867187,3949.806088867187,3891.4345703124995,3891.4345703125,105407300,0.0,0.0
2023-05-15 00:00:00+07:00,3930.348388671875,3930.348388671875,3891.434048189975,3930.348388671875,76451700,0.0,0.0
2023-05-16 00:00:00+07:00,3949.8057491937,3949.8057491937,3875.8684987161823,3883.6513671875,42752200,0.0,0.0
2023-05-17 00:00:00+07:00,3883.6517011718747,3949.806088867187,3875.86883203125,3891.4345703125,63396700,0.0,0.0
2023-05-19 00:00:00+07:00,3949.805908203125,3969.263080164717,3910.8915642799416,3949.805908203125,78499800,0.0,0.0
2023-05-22 00:00:00+07:00,3969.2627326928828,4086.0057542426734,3949.8055624345843,4066.548583984375,120027200,0.0,0.0
2023-05-23 00:00:00+07:00,4047.0917301829268,4086.0060737423782,3969.2630430640243,3988.72021484375,165534100,0.0,0.0
2023-05-24 00:00:00+07:00,3988.7202521263084,4008.1774240879004,3930.348736241533,3949.805908203125,125575300,0.0,0.0
2023-05-25 00:00:00+07:00,3930.3484252339977,4027.6342773437505,3930.3484252339977,4027.63427734375,76424100,0.0,0.0
2023-05-26 00:00:00+07:00,4027.6345584032015,4047.0917301829268,3969.2630430640243,3988.72021484375,42313700,0.0,0.0
2023-05-29 00:00:00+07:00,4027.6349078428398,4027.6349078428398,3969.2633874393205,4008.177734375,60646900,0.0,0.0
2023-05-30 00:00:00+07:00,3969.2633874393205,4047.0920813106795,3969.2633874393205,4008.177734375,49086100,0.0,0.0
2023-05-31 00:00:00+07:00,4027.634239876624,4047.091410117574,3930.348388671875,3930.348388671875,393735900,0.0,0.0
2023-06-05 00:00:00+07:00,3969.263080164717,4008.1774240879004,3949.805908203125,3949.805908203125,149191300,0.0,0.0
2023-06-06 00:00:00+07:00,3930.348388671875,3969.2627291537747,3852.519707708075,3930.348388671875,244590500,0.0,0.0
2023-06-07 00:00:00+07:00,3891.4337006374376,3949.8052061469994,3891.4337006374376,3910.890869140625,130408700,0.0,0.0
2023-06-08 00:00:00+07:00,3891.4337006374376,3949.8052061469994,3891.4337006374376,3910.890869140625,173484200,0.0,0.0
2023-06-09 00:00:00+07:00,3910.8915277248475,3988.72021484375,3891.434355945122,3988.72021484375,150849200,0.0,0.0
2023-06-12 00:00:00+07:00,3969.262451171875,3988.7196200501685,3930.348113415288,3969.262451171875,91080300,0.0,0.0
2023-06-13 00:00:00+07:00,3969.262451171875,4027.6339578067555,3930.348113415288,3969.262451171875,143804700,0.0,0.0
2023-06-14 00:00:00+07:00,3988.7198993947245,4008.1770696356743,3930.348388671875,3930.348388671875,96670300,0.0,0.0
2023-06-15 00:00:00+07:00,3930.3486995045732,4008.1773866234757,3930.3486995045732,3988.72021484375,94097900,0.0,0.0
2023-06-16 00:00:00+07:00,3988.7205609071602,4008.177734375,3949.8062139714807,4008.177734375,103942500,0.0,0.0
2023-06-19 00:00:00+07:00,3969.2630430640243,4008.1773866234757,3969.2630430640243,3988.72021484375,36211300,0.0,0.0
2023-06-20 00:00:00+07:00,3969.262451171875,3988.7196200501685,3930.348113415288,3969.262451171875,44316800,0.0,0.0
2023-06-21 00:00:00+07:00,3930.348113415288,3969.262451171875,3930.348113415288,3969.262451171875,58061600,0.0,0.0
2023-06-22 00:00:00+07:00,3969.263080164717,4008.1774240879004,3949.805908203125,3949.805908203125,60457300,0.0,0.0
2023-06-23 00:00:00+07:00,3949.805908203125,3988.7202521263084,3930.348736241533,3949.805908203125,47276900,0.0,0.0
2023-06-26 00:00:00+07:00,3969.2630430640243,4027.6345584032015,3949.805871284299,3988.72021484375,74263700,0.0,0.0
2023-06-27 00:00:00+07:00,4027.634624774639,4086.0061410757207,4008.177452674279,4047.091796875,101592900,0.0,0.0
2023-07-03 00:00:00+07:00,3988.720406505549,4163.8349609375,3988.720406505549,4163.8349609375,227354700,0.0,0.0
2023-07-04 00:00:00+07:00,4202.748632812501,4202.748632812501,4066.548445638021,4086.005615234375,119841200,0.0,0.0
2023-07-05 00:00:00+07:00,4124.920551318128,4144.377723730006,4086.0062064943722,4105.46337890625,78430000,0.0,0.0
2023-07-06 00:00:00+07:00,4124.919921875,4163.834260760614,4086.0055829893868,4124.919921875,90981000,0.0,0.0
2023-07-07 00:00:00+07:00,4105.463601714199,4124.920775182039,4008.177734375,4008.177734375,128515100,0.0,0.0
2023-07-10 00:00:00+07:00,4027.6342773437505,4066.5486181876513,4008.1771069218,4027.63427734375,82685700,0.0,0.0
2023-07-11 00:00:00+07:00,4047.0918616706163,4124.920551318128,4027.6346892587385,4105.46337890625,100578900,0.0,0.0
2023-07-12 00:00:00+07:00,4124.919921875,4183.29143020342,4086.0055829893868,4124.919921875,123947700,0.0,0.0
2023-07-13 00:00:00+07:00,4183.292133652161,4183.292133652161,4105.463442793516,4163.8349609375,101281200,0.0,0.0
2023-07-14 00:00:00+07:00,4202.7490234375,4222.206194842303,4163.834680627894,4202.7490234375,122343600,0.0,0.0
2023-07-17 00:00:00+07:00,4222.205843477471,4261.120183048692,4183.29150390625,4183.29150390625,99897600,0.0,0.0
2023-07-18 00:00:00+07:00,4183.292133652161,4222.206479081484,4124.920615508177,4163.8349609375,65073800,0.0,0.0
2023-07-20 00:00:00+07:00,4202.748815752262,4319.491838412047,4202.748815752262,4300.03466796875,132054000,0.0,0.0
2023-07-21 00:00:00+07:00,4319.4921875,4338.949359515766,4241.663499436937,4319.4921875,111275700,0.0,0.0
2023-07-24 00:00:00+07:00,4319.491486150568,4377.86299272017,4280.5771484375,4280.5771484375,54865000,0.0,0.0
2023-07-25 00:00:00+07:00,4319.4921875,4338.949359515766,4280.577843468469,4319.4921875,65237300,0.0,0.0
2023-07-26 00:00:00+07:00,4319.492047365471,4358.406390134529,4300.034875980942,4338.94921875,88526700,0.0,0.0
2023-07-27 00:00:00+07:00,4338.948940972222,4436.234791666667,4338.948940972222,4377.86328125,86556200,0.0,0.0
2023-07-28 00:00:00+07:00,4377.863351922286,4455.692033734238,4377.863351922286,4436.23486328125,121968500,0.0,0.0
2023-07-31 00:00:00+07:00,4514.063898744542,4514.063898744542,4377.8636949031115,4455.6923828125,189375700,0.0,0.0
2023-08-01 00:00:00+07:00,4397.3203125,4455.691821073008,4358.405973451328,4397.3203125,114702500,0.0,0.0
2023-08-02 00:00:00+07:00,4377.863351922286,4475.149204187225,4358.406181469298,4436.23486328125,133546200,0.0,0.0
2023-08-03 00:00:00+07:00,4455.692448056978,4533.521137106008,4436.23527579472,4514.06396484375,68587500,0.0,0.0
2023-08-04 00:00:00+07:00,4514.063616071428,4533.520786830357,4475.149274553572,4494.6064453125,47144200,0.0,0.0
2023-08-07 00:00:00+07:00,4552.977888131649,4611.349399517952,4533.520717669548,4572.43505859375,104342100,0.0,0.0
2023-08-08 00:00:00+07:00,4591.892578125,4630.806922007415,4572.435406183792,4591.892578125,66473200,0.0,0.0
2023-08-09 00:00:00+07:00,4591.892578125,4630.806922007415,4552.978234242584,4591.892578125,64495400,0.0,0.0
2023-08-10 00:00:00+07:00,4611.3498157197955,4669.721332374477,4591.892643501569,4650.26416015625,78859600,0.0,0.0
2023-08-11 00:00:00+07:00,4650.263952070148,4689.1782947652955,4591.892438027427,4611.349609375,46568600,0.0,0.0
2023-08-14 00:00:00+07:00,4611.349469866072,4630.806640625,4514.063616071428,4630.806640625,86460500,0.0,0.0
2023-08-15 00:00:00+07:00,4591.89265389278,4611.349826155038,4514.06396484375,4514.06396484375,116815700,0.0,0.0
2023-08-16 00:00:00+07:00,4494.606792581492,4514.06396484375,4416.778103532462,4514.06396484375,163744100,0.0,0.0
2023-08-18 00:00:00+07:00,4455.692103794643,4533.520786830357,4455.692103794643,4494.6064453125,104894600,0.0,0.0
2023-08-21 00:00:00+07:00,4514.063338251072,4572.434846935354,4514.063338251072,4533.5205078125,61845800,0.0,0.0
2023-08-22 00:00:00+07:00,4514.063616071428,4630.806640625,4514.063616071428,4630.806640625,93617200,0.0,0.0
2023-08-23 00:00:00+07:00,4630.80621494391,4630.80621494391,4552.9775390625,4552.9775390625,40844700,0.0,0.0
2023-08-24 00:00:00+07:00,4591.892299107143,4630.806640625,4572.435128348215,4630.806640625,42648300,0.0,0.0
2023-08-25 00:00:00+07:00,4591.892578125,4611.349750066208,4533.521062301377,4591.892578125,65093100,0.0,0.0
2023-08-28 00:00:00+07:00,4630.806848144531,4689.178363037109,4591.892504882812,4669.72119140625,63980400,0.0,0.0
2023-08-29 00:00:00+07:00,4669.720982142857,4689.178152901785,4630.806640625,4630.806640625,50839300,0.0,0.0
2023-08-30 00:00:00+07:00,4611.3498157197955,4747.550021247384,4611.3498157197955,4650.26416015625,65727400,0.0,0.0
2023-08-31 00:00:00+07:00,4669.720565352697,4728.092072419606,4591.891889263486,4689.177734375,159062900,0.0,0.0
2023-09-01 00:00:00+07:00,4728.0927734375,4767.0071172518,4708.63560153035,4728.0927734375,50796000,0.0,0.0
2023-09-04 00:00:00+07:00,4728.092633356814,4786.464147348873,4708.635462026127,4747.5498046875,56317700,0.0,0.0
2023-09-05 00:00:00+07:00,4747.5498046875,4786.464147348873,4728.092633356814,4747.5498046875,24893100,0.0,0.0
2023-09-06 00:00:00+07:00,4708.63525390625,4767.0067653183105,4708.63525390625,4708.63525390625,40547800,0.0,0.0
2023-09-07 00:00:00+07:00,4669.720910904255,4689.178081366356,4533.520717669548,4572.43505859375,124351400,0.0,0.0
2023-09-08 00:00:00+07:00,4591.892578125,4611.349750066208,4494.6067184189615,4591.892578125,81980400,0.0,0.0
2023-09-11 00:00:00+07:00,4591.892438027427,4611.349609375,4533.5209239847045,4611.349609375,74510600,0.0,0.0
2023-09-12 00:00:00+07:00,4630.806569980054,4630.806569980054,4552.977888131649,4572.43505859375,54076800,0.0,0.0
2023-09-13 00:00:00+07:00,4533.5203700921475,4552.9775390625,4494.606032151442,4552.9775390625,69884000,0.0,0.0
2023-09-14 00:00:00+07:00,4533.5205078125,4572.434846935354,4494.6061686896455,4533.5205078125,59132600,0.0,0.0
2023-09-15 00:00:00+07:00,4591.892438027427,4650.263952070148,4552.978095332279,4611.349609375,165106200,0.0,0.0
2023-09-18 00:00:00+07:00,4591.892578125,4630.806922007415,4572.435406183792,4591.892578125,53450400,0.0,0.0
2023-09-19 00:00:00+07:00,4591.892504882812,4728.092706298828,4572.435333251953,4669.72119140625,84608400,0.0,0.0
2023-09-20 00:00:00+07:00,4747.54994534465,4767.0071172518,4708.63560153035,4728.0927734375,64864900,0.0,0.0
2023-09-21 00:00:00+07:00,4708.635534667968,4728.092706298828,4650.264019775391,4669.72119140625,60535000,0.0,0.0
2023-09-22 00:00:00+07:00,4669.72119140625,4708.635534667968,4650.264019775391,4669.72119140625,51069900,0.0,0.0
2023-09-25 00:00:00+07:00,4669.72119140625,4708.635534667968,4650.264019775391,4669.72119140625,40650900,0.0,0.0
2023-09-26 00:00:00+07:00,4650.263952070148,4669.721123417721,4552.978095332279,4611.349609375,109786400,0.0,0.0
2023-09-27 00:00:00+07:00,4611.3496765136715,4708.635534667968,4591.892504882812,4669.72119140625,75050600,0.0,0.0
2023-09-29 00:00:00+07:00,4708.634903397303,4708.634903397303,4669.720565352697,4689.177734375,71554100,0.0,0.0
2023-10-02 00:00:00+07:00,4689.178083435563,4747.549594847624,4689.178083435563,4708.63525390625,33296500,0.0,0.0
2023-10-03 00:00:00+07:00,4669.721257716049,4728.0927734375,4669.721257716049,4728.0927734375,37093100,0.0,0.0
2023-10-04 00:00:00+07:00,4728.092494419643,4767.0068359375,4650.263811383928,4767.0068359375,69154000,0.0,0.0
2023-10-05 00:00:00+07:00,4786.464006696428,4825.378348214285,4747.549665178572,4767.0068359375,69566800,0.0,0.0
2023-10-06 00:00:00+07:00,4786.463579486515,4786.463579486515,4689.177734375,4689.177734375,25913600,0.0,0.0
2023-10-09 00:00:00+07:00,4689.178437831038,4708.6356097722455,4591.892578125,4591.892578125,45321700,0.0,0.0
2023-10-10 00:00:00+07:00,4591.892504882812,4728.092706298828,4591.892504882812,4669.72119140625,42820800,0.0,0.0
2023-10-11 00:00:00+07:00,4630.806572023502,4805.921106259685,4630.806572023502,4708.63525390625,72955000,0.0,0.0
2023-10-12 00:00:00+07:00,4728.0927734375,4805.921461066101,4708.63560153035,4728.0927734375,91341800,0.0,0.0
2023-10-13 00:00:00+07:00,4728.0927734375,4786.464289158951,4689.1784296232,4728.0927734375,39914700,0.0,0.0
2023-10-16 00:00:00+07:00,4689.177734375,4728.092072419606,4650.263396330394,4689.177734375,53416400,0.0,0.0
2023-10-17 00:00:00+07:00,4669.72119140625,4689.178363037109,4611.3496765136715,4669.72119140625,74702300,0.0,0.0
2023-10-18 00:00:00+07:00,4611.349045973558,4630.80621494391,4533.5203700921475,4552.9775390625,80637400,0.0,0.0
2023-10-19 00:00:00+07:00,4494.606726767194,4514.063898744542,4436.235210835153,4455.6923828125,160277800,0.0,0.0
2023-10-20 00:00:00+07:00,4416.777899966033,4514.063756793478,4397.320728600544,4475.1494140625,82132000,0.0,0.0
2023-10-23 00:00:00+07:00,4436.235003097467,4455.692174163684,4377.863489898816,4416.77783203125,73897500,0.0,0.0
2023-10-24 00:00:00+07:00,4436.235071331522,4514.063756793478,4416.777899966033,4475.1494140625,72469200,0.0,0.0
2023-10-25 00:00:00+07:00,4533.5203700921475,4591.891877003205,4494.606032151442,4552.9775390625,90426500,0.0,0.0
2023-10-26 00:00:00+07:00,4514.063545093201,4552.9778859991775,4436.23486328125,4436.23486328125,86348700,0.0,0.0
2023-10-27 00:00:00+07:00,4475.149204187225,4494.606374640213,4436.23486328125,4436.23486328125,90177000,0.0,0.0
2023-10-30 00:00:00+07:00,4436.235210835153,4455.6923828125,4377.8636949031115,4455.6923828125,81547000,0.0,0.0
2023-10-31 00:00:00+07:00,4514.063687362335,4552.978029494769,4397.320660965033,4416.77783203125,99449400,0.0,0.0
2023-11-01 00:00:00+07:00,4436.234651548672,4436.234651548672,4377.863142975663,4397.3203125,74281200,0.0,0.0
2023-11-02 00:00:00+07:00,4475.1495464777545,4611.349750066208,4455.692374536547,4591.892578125,115678200,0.0,0.0
2023-11-03 00:00:00+07:00,4611.349186058208,4650.263525181062,4533.5205078125,4533.5205078125,53379500,0.0,0.0
2023-11-06 00:00:00+07:00,4591.892438027427,4611.349609375,4552.978095332279,4611.349609375,58266100,0.0,0.0
2023-11-07 00:00:00+07:00,4630.806569980054,4650.263740442155,4514.063547207447,4572.43505859375,56161300,0.0,0.0
2023-11-08 00:00:00+07:00,4494.606032151442,4552.9775390625,4455.691694210737,4552.9775390625,63442400,0.0,0.0
2023-11-09 00:00:00+07:00,4533.520717669548,4591.892229055851,4514.063547207447,4572.43505859375,45026200,0.0,0.0
2023-11-10 00:00:00+07:00,4552.977957589285,4552.977957589285,4494.6064453125,4494.6064453125,59611500,0.0,0.0
2023-11-13 00:00:00+07:00,4552.977677373927,4552.977677373927,4514.063338251072,4533.5205078125,17444600,0.0,0.0
2023-11-14 00:00:00+07:00,4533.5205078125,4591.892016496781,4514.063338251072,4533.5205078125,50587800,0.0,0.0
2023-11-15 00:00:00+07:00,4591.892438027427,4650.263952070148,4572.435266679852,4611.349609375,74255700,0.0,0.0
2023-11-16 00:00:00+07:00,4552.978095332279,4611.349609375,4533.5209239847045,4611.349609375,36004500,0.0,0.0
2023-11-17 00:00:00+07:00,4572.435406183792,4630.806922007415,4552.978234242584,4591.892578125,33963900,0.0,0.0
2023-11-20 00:00:00+07:00,4533.520717669548,4611.349399517952,4533.520717669548,4572.43505859375,20014600,0.0,0.0
2023-11-21 00:00:00+07:00,4552.977888131649,4611.349399517952,4533.520717669548,4572.43505859375,55094300,0.0,0.0
2023-11-22 00:00:00+07:00,4533.520717669548,4591.892229055851,4533.520717669548,4572.43505859375,21111100,0.0,0.0
2023-11-23 00:00:00+07:00,4630.806922007415,4630.806922007415,4591.892578125,4591.892578125,36725600,0.0,0.0
2023-11-24 00:00:00+07:00,4611.349399517952,4611.349399517952,4552.977888131649,4572.43505859375,27087900,0.0,0.0
2023-11-27 00:00:00+07:00,4591.892578125,4611.349750066208,4572.435406183792,4591.892578125,39719300,0.0,0.0
2023-11-28 00:00:00+07:00,4591.892578125,4611.349750066208,4572.435406183792,4591.892578125,58255800,0.0,0.0
2023-11-29 00:00:00+07:00,4552.9775390625,4611.349045973558,4533.5203700921475,4552.9775390625,36796600,0.0,0.0
2023-11-30 00:00:00+07:00,4552.9775390625,4611.349045973558,4533.5203700921475,4552.9775390625,117365000,0.0,0.0
2023-12-01 00:00:00+07:00,4552.978234242584,4591.892578125,4533.521062301377,4591.892578125,31365100,0.0,0.0
2023-12-04 00:00:00+07:00,4611.3496765136715,4689.178363037109,4591.892504882812,4669.72119140625,66145100,0.0,0.0
2023-12-05 00:00:00+07:00,4669.721332374477,4669.721332374477,4572.435471283342,4650.26416015625,58668400,0.0,0.0
2023-12-06 00:00:00+07:00,4611.349826155038,4630.806998417295,4514.06396484375,4514.06396484375,88747200,0.0,0.0
2023-12-07 00:00:00+07:00,4514.063756793478,4533.520928158968,4455.692242697011,4475.1494140625,97966700,0.0,0.0
2023-12-08 00:00:00+07:00,4475.149204187225,4494.606374640213,4397.320522375274,4436.23486328125,98036700,0.0,0.0
2023-12-11 00:00:00+07:00,4397.320591517857,4514.063616071428,4397.320591517857,4494.6064453125,68655000,0.0,0.0
2023-12-12 00:00:00+07:00,4514.06396484375,4533.521137106008,4475.1496203192355,4514.06396484375,55110500,0.0,0.0
2023-12-13 00:00:00+07:00,4475.149554789848,4494.606726767194,4436.235210835153,4455.6923828125,121450600,0.0,0.0
2023-12-14 00:00:00+07:00,4533.520786830357,4689.178152901785,4514.063616071428,4630.806640625,171595800,0.0,0.0
2023-12-15 00:00:00+07:00,4630.806922007415,4669.721265889831,4591.892578125,4591.892578125,142382200,0.0,0.0
2023-12-18 00:00:00+07:00,4552.978095332279,4630.806780722574,4552.978095332279,4611.349609375,101458600,0.0,0.0
2023-12-19 00:00:00+07:00,4630.806987938023,4650.26416015625,4611.3498157197955,4650.26416015625,40763200,0.0,0.0
2023-12-20 00:00:00+07:00,4591.892438027427,4650.263952070148,4591.892438027427,4611.349609375,65361000,0.0,0.0
2023-12-21 00:00:00+07:00,4630.806987938023,4650.26416015625,4611.3498157197955,4650.26416015625,50363900,0.0,0.0
2023-12-22 00:00:00+07:00,4630.806987938023,4650.26416015625,4611.3498157197955,4650.26416015625,29975600,0.0,0.0
2023-12-27 00:00:00+07:00,4669.72119140625,4689.178363037109,4611.3496765136715,4669.72119140625,43114900,0.0,0.0
2023-12-28 00:00:00+07:00,4708.635323660715,4786.464006696428,4669.720982142857,4767.0068359375,75118700,0.0,0.0
2023-12-29 00:00:00+07:00,4767.0067653183105,4767.0067653183105,4669.720912964875,4708.63525390625,63097100,0.0,0.0
2024-01-02 00:00:00+07:00,4708.635323660715,4767.0068359375,4689.178152901785,4767.0068359375,26235700,0.0,0.0
2024-01-03 00:00:00+07:00,4747.5498046875,4786.464147348873,4708.635462026127,4747.5498046875,30053900,0.0,0.0
2024-01-04 00:00:00+07:00,4767.0065668061025,4981.035433070866,4747.549397145669,4942.12109375,135344500,0.0,0.0
2024-01-05 00:00:00+07:00,4981.035505836576,5039.407015670598,4942.121165947227,5000.49267578125,114339400,0.0,0.0
2024-01-08 00:00:00+07:00,5058.864822387695,5136.693511962891,4961.578960418701,4981.0361328125,151018300,0.0,0.0
2024-01-09 00:00:00+07:00,5000.492955346201,5019.950126378676,4942.121442248775,4961.57861328125,77953400,0.0,0.0
2024-01-10 00:00:00+07:00,4961.578335891902,5019.949845725924,4922.663996002553,5000.49267578125,50019800,0.0,0.0
2024-01-11 00:00:00+07:00,5000.493024012839,5058.864537911822,4981.035852713178,5019.9501953125,32120200,0.0,0.0
2024-01-12 00:00:00+07:00,5117.236328125,5195.065017526141,5078.321983424429,5117.236328125,114039700,0.0,0.0
2024-01-15 00:00:00+07:00,5117.235768479567,5156.150108924278,5039.407087590144,5058.8642578125,83066800,0.0,0.0
2024-01-16 00:00:00+07:00,5078.3212890625,5156.149967822078,5058.864119372605,5078.3212890625,83516800,0.0,0.0
2024-01-17 00:00:00+07:00,5078.3212890625,5156.149967822078,5058.864119372605,5078.3212890625,80929000,0.0,0.0
2024-01-18 00:00:00+07:00,5078.3212890625,5097.778458752395,5039.406949682711,5078.3212890625,78209900,0.0,0.0
2024-01-19 00:00:00+07:00,5058.864119372605,5078.3212890625,5000.492610302921,5078.3212890625,74814000,0.0,0.0
2024-01-22 00:00:00+07:00,5058.8642578125,5097.778598257211,5019.949917367789,5058.8642578125,96993100,0.0,0.0
2024-01-23 00:00:00+07:00,5078.321428034856,5097.778598257211,5019.949917367789,5058.8642578125,77037800,0.0,0.0
2024-01-24 00:00:00+07:00,5019.950477600098,5039.4076499938965,4942.121788024902,4981.0361328125,97290600,0.0,0.0
2024-01-25 00:00:00+07:00,4922.664342629482,4981.035856573705,4864.292828685259,4883.75,99094100,0.0,0.0
2024-01-26 00:00:00+07:00,4864.292689732143,4922.664202008928,4844.835518973215,4903.20703125,77236800,0.0,0.0
2024-01-29 00:00:00+07:00,4942.121372767857,5039.4072265625,4883.749860491072,5039.4072265625,124753000,0.0,0.0
2024-01-30 00:00:00+07:00,5039.4072265625,5214.521763392857,5019.950055803572,5175.607421875,123330900,0.0,0.0
2024-01-31 00:00:00+07:00,5175.607421875,5214.521763392857,5175.607421875,5175.607421875,128185000,0.0,0.0
2024-02-01 00:00:00+07:00,5117.235979618918,5156.150321669252,5058.864466543417,5097.77880859375,168145800,0.0,0.0
2024-02-02 00:00:00+07:00,5156.150112652153,5195.064453125,5136.692942415731,5195.064453125,120116200,0.0,0.0
2024-02-05 00:00:00+07:00,5214.521284054487,5409.092973758013,5195.064115084135,5311.80712890625,150535100,0.0,0.0
2024-02-06 00:00:00+07:00,5311.8074781877285,5389.636159186816,5272.893137688185,5331.2646484375,90146000,0.0,0.0
2024-02-07 00:00:00+07:00,5350.721751700202,5409.09326171875,5331.264581694019,5409.09326171875,88745500,0.0,0.0
2024-02-12 00:00:00+07:00,5564.750766807879,5603.665107834508,5486.922084754622,5525.83642578125,162771300,0.0,0.0
2024-02-13 00:00:00+07:00,5525.836354537367,5545.293524799822,5467.46484375,5467.46484375,102668900,0.0,0.0
2024-02-15 00:00:00+07:00,5681.494215223524,5739.865731133355,5564.751183403863,5603.66552734375,220530000,0.0,0.0
2024-02-16 00:00:00+07:00,5739.865731133355,5759.322903103299,5603.66552734375,5603.66552734375,142022100,0.0,0.0
2024-02-19 00:00:00+07:00,5564.75048828125,5700.950675057365,5545.293318741805,5564.75048828125,83753500,0.0,0.0
2024-02-20 00:00:00+07:00,5642.57916643903,5642.57916643903,5564.75048828125,5564.75048828125,87312000,0.0,0.0
2024-02-21 00:00:00+07:00,5545.293734846444,5642.57958984375,5506.379392847522,5642.57958984375,128063900,0.0,0.0
2024-02-22 00:00:00+07:00,5584.207937321193,5603.665107834508,5525.83642578125,5525.83642578125,85735800,0.0,0.0
2024-02-23 00:00:00+07:00,5486.92236328125,5525.836706283245,5448.008020279256,5486.92236328125,109404700,0.0,0.0
2024-02-26 00:00:00+07:00,5409.093677277261,5506.379534782248,5409.093677277261,5486.92236328125,65407700,0.0,0.0
2024-02-27 00:00:00+07:00,5428.550710509607,5525.836565536661,5428.550710509607,5506.37939453125,58066100,0.0,0.0
2024-02-28 00:00:00+07:00,5467.465258360746,5545.2939453125,5467.465258360746,5545.2939453125,49888400,0.0,0.0
2024-02-29 00:00:00+07:00,5545.293666294643,5564.750837053572,5448.0078125,5448.0078125,150713600,0.0,0.0
2024-03-01 00:00:00+07:00,5486.922014012456,5506.3791842749115,5428.550503225089,5467.46484375,90739400,0.0,0.0
2024-03-04 00:00:00+07:00,5448.007673487545,5486.922014012456,5428.550503225089,5467.46484375,44707200,0.0,0.0
2024-03-05 00:00:00+07:00,5506.3791842749115,5525.836354537367,5448.007673487545,5467.46484375,92557200,0.0,0.0
2024-03-06 00:00:00+07:00,5448.007881515018,5525.836565536661,5448.007881515018,5506.37939453125,74178100,0.0,0.0
2024-03-07 00:00:00+07:00,5506.379255267936,5545.293596294565,5467.464914241307,5525.83642578125,94950400,0.0,0.0
2024-03-08 00:00:00+07:00,5564.751117050439,5584.208288788377,5525.836773574561,5545.2939453125,109032400,0.0,0.0
2024-03-13 00:00:00+07:00,5642.579450574527,5662.03662109375,5564.750768497637,5662.03662109375,126022700,0.0,0.0
2024-03-14 00:00:00+07:00,5642.579725110852,5759.32275390625,5623.122553644953,5759.32275390625,161193000,0.0,0.0
2024-03-15 00:00:00+07:00,5798.237096838048,5837.1514397698475,5662.036896576752,5759.32275390625,250581100,0.0,0.0
2024-03-18 00:00:00+07:00,5778.779715401785,5778.779715401785,5584.2080078125,5584.2080078125,105778200,0.0,0.0
2024-03-19 00:00:00+07:00,5642.579450574527,5720.408132651417,5623.122280055305,5662.03662109375,100836600,0.0,0.0
2024-03-20 00:00:00+07:00,5767.53564453125,5767.53564453125,5726.631136414007,5767.53564453125,83416700,353.95752,0.0
2024-03-21 00:00:00+07:00,5808.4401526484935,5890.249168882979,5767.53564453125,5767.53564453125,81774800,0.0,0.0
2024-03-22 00:00:00+07:00,5726.631136414007,5787.987898589872,5685.726628296765,5767.53564453125,65219900,0.0,0.0
2024-03-25 00:00:00+07:00,5931.1533203125,5931.1533203125,5726.630792025862,5931.1533203125,78212700,0.0,0.0
2024-03-26 00:00:00+07:00,5910.701874523628,5910.701874523628,5828.892852038872,5869.79736328125,74274300,0.0,0.0
2024-03-27 00:00:00+07:00,5890.24961890244,5931.154130144817,5869.79736328125,5869.79736328125,46295700,0.0,0.0
2024-03-28 00:00:00+07:00,5849.3443089978455,5931.1533203125,5828.892056169181,5931.1533203125,90900900,0.0,0.0
2024-04-01 00:00:00+07:00,5931.15382982337,5931.15382982337,5522.108738111413,5644.822265625,158358600,0.0,0.0
2024-04-02 00:00:00+07:00,5644.822265625,5644.822265625,5481.204228940217,5644.822265625,135764900,0.0,0.0
2024-04-03 00:00:00+07:00,5685.726818352167,5685.726818352167,5460.7520161871535,5542.56103515625,115372600,0.0,0.0
2024-04-04 00:00:00+07:00,5522.108362926137,5665.274135298295,5522.108362926137,5624.36962890625,63174900,0.0,0.0
2024-04-05 00:00:00+07:00,5583.46484375,5644.821600274725,5583.46484375,5583.46484375,46111500,0.0,0.0
2024-04-16 00:00:00+07:00,5194.872379864387,5501.656181824882,5153.96787293632,5419.84716796875,180012400,0.0,0.0
2024-04-17 00:00:00+07:00,5481.203928360849,5542.560688752948,5419.84716796875,5419.84716796875,83840200,0.0,0.0
2024-04-18 00:00:00+07:00,5563.01318359375,5644.822200999541,5501.656420539407,5563.01318359375,106893900,0.0,0.0
2024-04-19 00:00:00+07:00,5501.65625,5563.013011152416,5440.299488847583,5501.65625,47943300,0.0,0.0
2024-04-22 00:00:00+07:00,5624.369772304833,5624.369772304833,5378.942727695167,5501.65625,121727900,0.0,0.0
2024-04-23 00:00:00+07:00,5603.917095924909,5665.2738524496335,5501.6558350503665,5583.46484375,106699200,0.0,0.0
2024-04-24 00:00:00+07:00,5665.2743742381435,5767.53564453125,5644.822120179521,5767.53564453125,117586500,0.0,0.0
2024-04-25 00:00:00+07:00,5767.535577787769,5787.987831609712,5665.274308678057,5685.7265625,111803500,0.0,0.0
2024-04-26 00:00:00+07:00,5726.6314380787035,5747.083693214699,5522.10888671875,5522.10888671875,125875000,0.0,0.0
2024-04-29 00:00:00+07:00,5440.299617836192,5685.726668264892,5440.299617836192,5665.2744140625,77938400,0.0,0.0
2024-04-30 00:00:00+07:00,5563.013247282609,5767.535793138587,5542.560992697011,5644.822265625,189991300,0.0,0.0
2024-05-02 00:00:00+07:00,5563.013247282609,5563.013247282609,4949.445609714674,5174.42041015625,501849300,0.0,0.0
2024-05-03 00:00:00+07:00,5153.9679163490855,5256.229184530615,4949.445379986027,5031.25439453125,269305400,0.0,0.0
2024-05-06 00:00:00+07:00,5113.063371513944,5235.776892430279,5031.254357569721,5133.515625,184234200,0.0,0.0
2024-05-07 00:00:00+07:00,5174.420131972111,5235.776892430279,5113.063371513944,5133.515625,130410300,0.0,0.0
2024-05-08 00:00:00+07:00,5174.420131972111,5276.6813994023905,5113.063371513944,5133.515625,117065300,0.0,0.0
2024-05-13 00:00:00+07:00,5072.1591796875,5133.515943957914,5010.802415417087,5072.1591796875,128638300,0.0,0.0
2024-05-14 00:00:00+07:00,5051.706924930696,5153.968198714718,5051.706924930696,5072.1591796875,94048400,0.0,0.0
2024-05-15 00:00:00+07:00,5072.159405637255,5235.777450980392,5072.159405637255,5215.3251953125,80923000,0.0,0.0
2024-05-16 00:00:00+07:00,5276.681575264518,5317.586083599902,5174.4203044260585,5194.87255859375,114806300,0.0,0.0
2024-05-17 00:00:00+07:00,5194.872582729326,5440.299633881892,5194.872582729326,5378.94287109375,133153900,0.0,0.0
2024-05-20 00:00:00+07:00,5358.49070142663,5419.847465183424,5072.159137228261,5174.42041015625,168796000,0.0,0.0
2024-05-21 00:00:00+07:00,5092.610689915067,5133.515193448522,4888.088172247795,4928.99267578125,307362900,0.0,0.0
2024-05-22 00:00:00+07:00,4908.540805785124,5031.254325929752,4867.636299070248,4949.4453125,171675900,0.0,0.0
2024-05-27 00:00:00+07:00,4928.993025751073,4949.445278969957,4765.375,4765.375,258450900,0.0,0.0
2024-05-28 00:00:00+07:00,4785.827698266807,4928.993484112395,4765.375443146008,4867.63671875,93701700,0.0,0.0
2024-05-29 00:00:00+07:00,4765.375595618939,4806.280107169316,4663.1143167429955,4744.92333984375,169386300,0.0,0.0
2024-05-30 00:00:00+07:00,4724.47028756649,4908.540558510638,4519.947764295212,4806.279296875,236632600,0.0,0.0
2024-05-31 00:00:00+07:00,4908.540949417373,4928.993203373278,4826.73193359375,4826.73193359375,169567000,0.0,0.0
2024-06-03 00:00:00+07:00,4969.897843157659,5031.254606653432,4928.9933341604765,4990.35009765625,92525600,0.0,0.0
2024-06-04 00:00:00+07:00,5031.25439453125,5133.51566271278,5010.802140894944,5031.25439453125,137800600,0.0,0.0
2024-06-05 00:00:00+07:00,5010.80278523763,5031.255041503907,4888.089247639974,4908.54150390625,102327300,0.0,0.0
2024-06-06 00:00:00+07:00,5010.802520875506,5072.159286437247,4969.898010501012,5051.70703125,85735200,0.0,0.0
2024-06-07 00:00:00+07:00,5113.063371513944,5133.515625,5031.254357569721,5133.515625,99092800,0.0,0.0
2024-06-10 00:00:00+07:00,5133.515625,5194.872385458168,5072.158864541832,5133.515625,80154400,0.0,0.0
2024-06-11 00:00:00+07:00,5072.159008290816,5113.063516422194,5010.80224609375,5010.80224609375,56254400,0.0,0.0
2024-06-12 00:00:00+07:00,4949.445349584652,4969.897603095332,4826.731828520569,4847.18408203125,120857200,0.0,0.0
2024-06-13 00:00:00+07:00,4888.08830618351,4908.540558510638,4785.827044547872,4806.279296875,162616700,0.0,0.0
2024-06-14 00:00:00+07:00,4785.827573029891,4806.279827615489,4622.209536345109,4704.0185546875,203241500,0.0,0.0
2024-06-19 00:00:00+07:00,4724.470809273098,4785.827573029891,4642.661790930707,4704.0185546875,116004200,0.0,0.0
2024-06-20 00:00:00+07:00,4765.375443146008,4867.63671875,4704.018677783613,4867.63671875,82660000,0.0,0.0
2024-06-21 00:00:00+07:00,4949.445483896683,5072.159008290816,4928.993229830995,5010.80224609375,184240600,0.0,0.0
2024-06-24 00:00:00+07:00,4969.898272705078,5010.80278523763,4908.54150390625,4908.54150390625,58831900,0.0,0.0
2024-06-25 00:00:00+07:00,4847.18408203125,4888.088589052611,4765.375067988529,4847.18408203125,159983800,0.0,0.0
2024-06-26 00:00:00+07:00,4867.63665614984,4928.993420723157,4785.82763671875,4785.82763671875,92895700,0.0,0.0
2024-06-27 00:00:00+07:00,4826.732478841146,4969.898272705078,4806.28022257487,4908.54150390625,117602400,0.0,0.0
2024-06-28 00:00:00+07:00,4908.5408727134145,5113.063409076473,4908.5408727134145,5031.25439453125,191371600,0.0,0.0
2024-07-01 00:00:00+07:00,5051.70671484375,5113.0634765625,4990.349953125,5113.0634765625,100408200,0.0,0.0
2024-07-02 00:00:00+07:00,5133.515943957914,5194.872708228327,5031.254670173891,5072.1591796875,159356600,0.0,0.0
2024-07-03 00:00:00+07:00,5133.515836784639,5153.968091114458,4990.350056475903,5092.611328125,70017100,0.0,0.0
2024-07-04 00:00:00+07:00,5113.0634765625,5235.777,5092.61122265625,5113.0634765625,90147800,0.0,0.0
2024-07-05 00:00:00+07:00,5174.419992172301,5317.585762706713,5153.967739238814,5256.22900390625,111646800,0.0,0.0
2024-07-08 00:00:00+07:00,5235.7771084337355,5256.2293627635545,5072.159073795181,5092.611328125,138144000,0.0,0.0
2024-07-09 00:00:00+07:00,5092.611661305147,5235.777450980392,5072.159405637255,5215.3251953125,84177600,0.0,0.0
2024-07-10 00:00:00+07:00,5215.3251953125,5276.681962316176,5153.968428308824,5215.3251953125,59685300,0.0,0.0
2024-07-11 00:00:00+07:00,5235.77734375,5256.229598999023,5194.872833251953,5235.77734375,66789800,0.0,0.0
2024-07-12 00:00:00+07:00,5276.681256839738,5358.490268573687,5235.776750972763,5256.22900390625,136132200,0.0,0.0
2024-07-15 00:00:00+07:00,5276.681575264518,5276.681575264518,5153.968050258366,5194.87255859375,66071800,0.0,0.0
2024-07-16 00:00:00+07:00,5235.777066929134,5235.777066929134,5153.968050258366,5194.87255859375,64687900,0.0,0.0
2024-07-17 00:00:00+07:00,5276.68115234375,5338.037909929142,5215.324394758357,5276.68115234375,109729800,0.0,0.0
2024-07-18 00:00:00+07:00,5358.49072265625,5399.395231989504,5317.586213322997,5358.49072265625,132532000,0.0,0.0
2024-07-19 00:00:00+07:00,5317.586319145114,5338.03857421875,5276.681808997844,5338.03857421875,63165500,0.0,0.0
2024-07-22 00:00:00+07:00,5378.942831010961,5481.2041015625,5338.038322790345,5481.2041015625,110467000,0.0,0.0
2024-07-23 00:00:00+07:00,5522.108435288915,5522.108435288915,5358.490407576651,5419.84716796875,77861700,0.0,0.0
2024-07-24 00:00:00+07:00,5317.586043074324,5378.9428051097975,5297.1337890625,5297.1337890625,63940900,0.0,0.0
2024-07-25 00:00:00+07:00,5276.6815997801805,5378.94287109375,5235.777091254753,5378.94287109375,66655400,0.0,0.0
2024-07-26 00:00:00+07:00,5378.942977322878,5419.847486656131,5317.586213322997,5358.49072265625,76519500,0.0,0.0
2024-07-29 00:00:00+07:00,5358.490551097973,5358.490551097973,5276.681535050676,5297.1337890625,54435300,0.0,0.0
2024-07-30 00:00:00+07:00,5297.1337890625,5358.490551097973,5215.3247730152025,5297.1337890625,86701400,0.0,0.0
2024-07-31 00:00:00+07:00,5235.77734375,5297.13410949707,5215.325088500977,5235.77734375,99004100,0.0,0.0
2024-08-01 00:00:00+07:00,5358.490845630787,5522.10888671875,5317.5863353587965,5522.10888671875,163086200,0.0,0.0
2024-08-02 00:00:00+07:00,5481.204166187959,5624.369946648093,5460.751911836512,5563.01318359375,167892400,0.0,0.0
2024-08-05 00:00:00+07:00,5481.2041424073195,5501.656396670033,5317.586108305609,5378.94287109375,184384000,0.0,0.0
2024-08-06 00:00:00+07:00,5440.299421432783,5481.203928360849,5338.038154112618,5419.84716796875,95785000,0.0,0.0
2024-08-07 00:00:00+07:00,5501.656525671702,5542.56103515625,5440.29976144488,5542.56103515625,84582200,0.0,0.0
2024-08-08 00:00:00+07:00,5563.01318359375,5603.917692296645,5501.656420539407,5563.01318359375,81408500,0.0,0.0
2024-08-09 00:00:00+07:00,5583.4652268903965,5644.821987625456,5563.012973312044,5603.91748046875,79710700,0.0,0.0
2024-08-12 00:00:00+07:00,5624.370011039402,5644.822265625,5542.560992697011,5644.822265625,50756000,0.0,0.0
2024-08-13 00:00:00+07:00,5603.917340959822,5726.630859375,5603.917340959822,5726.630859375,68666000,0.0,0.0
2024-08-14 00:00:00+07:00,5787.98828125,5808.440536660777,5747.083770428445,5787.98828125,97695100,0.0,0.0
2024-08-15 00:00:00+07:00,5787.9880049627445,5787.9880049627445,5665.27447835576,5747.08349609375,75955500,0.0,0.0
2024-08-16 00:00:00+07:00,5787.98828125,5828.892792071554,5747.083770428445,5787.98828125,64266400,0.0,0.0
2024-08-19 00:00:00+07:00,5787.98796369646,5849.3447265625,5747.083455119099,5849.3447265625,50246100,0.0,0.0
2024-08-20 00:00:00+07:00,5890.2490234375,6012.962544759115,5849.344516330295,5890.2490234375,102615900,0.0,0.0
2024-08-21 00:00:00+07:00,5972.057825969828,5972.057825969828,5910.701067483837,5931.1533203125,88487800,0.0,0.0
2024-08-22 00:00:00+07:00,5849.344660765736,5869.796914824357,5665.2743742381435,5767.53564453125,157323000,0.0,0.0
2024-08-23 00:00:00+07:00,5726.631136414007,5787.987898589872,5706.178882355386,5767.53564453125,111752100,0.0,0.0
2024-08-26 00:00:00+07:00,5767.53564453125,5808.4401526484935,5726.631136414007,5767.53564453125,78515400,0.0,0.0
2024-08-27 00:00:00+07:00,5747.08349609375,5767.535750528247,5665.27447835576,5747.08349609375,91686700,0.0,0.0
2024-08-28 00:00:00+07:00,5747.083146355969,5910.701171875,5726.630893166091,5910.701171875,114606200,0.0,0.0
2024-08-29 00:00:00+07:00,5972.057967924736,5972.057967924736,5808.43994140625,5808.43994140625,94475900,0.0,0.0
2024-08-30 00:00:00+07:00,5808.440323464912,5869.797087445175,5787.988068804824,5828.892578125,153760500,0.0,0.0
2024-09-02 00:00:00+07:00,5890.2490234375,5951.605784098308,5828.892262776693,5890.2490234375,82176000,0.0,0.0
2024-09-03 00:00:00+07:00,5890.249558303886,5931.154069125441,5767.536025839222,5787.98828125,75100800,0.0,0.0
2024-09-04 00:00:00+07:00,5726.631573932927,5869.79736328125,5726.631573932927,5869.79736328125,78789800,0.0,0.0
2024-09-05 00:00:00+07:00,5828.892852038872,5910.701874523628,5828.892852038872,5869.79736328125,59432000,0.0,0.0
2024-09-06 00:00:00+07:00,5869.796561826509,5951.605573141164,5849.3443089978455,5931.1533203125,63619300,0.0,0.0
2024-09-09 00:00:00+07:00,5931.1533203125,5931.1533203125,5890.248814655173,5931.1533203125,71430300,0.0,0.0
2024-09-10 00:00:00+07:00,5931.1533203125,5951.605573141164,5910.701067483837,5931.1533203125,73515700,0.0,0.0
2024-09-11 00:00:00+07:00,5972.05827595339,6053.867293432204,5951.606021583687,6033.4150390625,91822300,0.0,0.0
2024-09-12 00:00:00+07:00,6033.414866826306,6074.31937439801,5972.05810546875,5972.05810546875,68254300,0.0,0.0
2024-09-13 00:00:00+07:00,5972.058211179124,5972.058211179124,5910.701448735503,5951.60595703125,45854000,0.0,0.0
2024-09-17 00:00:00+07:00,5992.510321312079,6094.771589593855,5972.058067655724,6074.3193359375,96428000,0.0,0.0
2024-09-18 00:00:00+07:00,6033.414933488176,6094.771695523649,6012.962679476352,6053.8671875,47279200,0.0,0.0
2024-09-19 00:00:00+07:00,6094.771695523649,6176.580711570946,6053.8671875,6053.8671875,124377800,0.0,0.0
2024-09-20 00:00:00+07:00,6053.867120612158,6074.31937439801,5972.05810546875,5972.05810546875,97901700,0.0,0.0
2024-09-23 00:00:00+07:00,5992.510697947253,6094.77197265625,5972.058443005453,6094.77197265625,79675600,0.0,0.0
2024-09-24 00:00:00+07:00,6053.867082281145,6115.22384325021,6033.414828624789,6074.3193359375,81817100,0.0,0.0
2024-09-25 00:00:00+07:00,6012.962544759115,6012.962544759115,5767.535502115886,5890.2490234375,192197100,0.0,0.0
2024-09-26 00:00:00+07:00,5869.79736328125,5890.24961890244,5808.440596417683,5869.79736328125,173044000,0.0,0.0
2024-09-27 00:00:00+07:00,5747.083390472629,5828.892406707115,5726.631136414007,5767.53564453125,161405200,0.0,0.0
2024-09-30 00:00:00+07:00,5726.631176669675,5747.083430872067,5624.369905657717,5665.2744140625,166203500,0.0,0.0
2024-10-01 00:00:00+07:00,5726.631136414007,5787.987898589872,5685.726628296765,5767.53564453125,82690100,0.0,0.0
2024-10-02 00:00:00+07:00,5747.083217825941,5808.439978158603,5665.274204049059,5706.1787109375,91076400,0.0,0.0
2024-10-03 00:00:00+07:00,5726.631136414007,5787.987898589872,5644.822120179521,5767.53564453125,86264900,0.0,0.0
2024-10-04 00:00:00+07:00,5747.083323965827,5767.535577787769,5644.822054856115,5685.7265625,79485300,0.0,0.0
2024-10-07 00:00:00+07:00,5665.274135298295,5665.274135298295,5563.012869318181,5624.36962890625,103943100,0.0,0.0
2024-10-08 00:00:00+07:00,5583.465727142226,5869.797302893109,5542.5612163206715,5787.98828125,132141500,0.0,0.0
2024-10-09 00:00:00+07:00,5787.987831609712,5869.796846897482,5685.7265625,5685.7265625,76515700,0.0,0.0
2024-10-10 00:00:00+07:00,5665.274308678057,5767.535577787769,5644.822054856115,5685.7265625,44291900,0.0,0.0
2024-10-11 00:00:00+07:00,5747.083323965827,5747.083323965827,5665.274308678057,5685.7265625,45331500,0.0,0.0
2024-10-14 00:00:00+07:00,5665.2744140625,5706.178922467284,5644.8221598601085,5665.2744140625,55885300,0.0,0.0
2024-10-15 00:00:00+07:00,5726.631136414007,5808.4401526484935,5665.2743742381435,5767.53564453125,90358600,0.0,0.0
2024-10-16 00:00:00+07:00,5767.535365513393,5787.98761858259,5665.274100167411,5726.630859375,133022500,0.0,0.0
2024-10-17 00:00:00+07:00,5767.535399545848,5931.153425064879,5726.630893166091,5910.701171875,90219900,0.0,0.0
2024-10-18 00:00:00+07:00,5951.6063857660065,5972.058641387195,5869.79736328125,5869.79736328125,57379200,0.0,0.0
2024-10-21 00:00:00+07:00,5931.153530544705,5931.153530544705,5828.892262776693,5890.2490234375,43056000,0.0,0.0
2024-10-22 00:00:00+07:00,5849.345047482332,5869.797302893109,5787.98828125,5787.98828125,43582700,0.0,0.0
2024-10-23 00:00:00+07:00,5787.98828125,5828.892792071554,5747.083770428445,5787.98828125,38222900,0.0,0.0
2024-10-24 00:00:00+07:00,5726.63096438172,5849.344485047043,5706.1787109375,5706.1787109375,65877100,0.0,0.0
2024-10-25 00:00:00+07:00,5706.178882355386,5767.53564453125,5706.178882355386,5767.53564453125,34637500,0.0,0.0
2024-10-28 00:00:00+07:00,5787.987365499084,5787.987365499084,5563.012591575091,5583.46484375,114500800,0.0,0.0
2024-10-29 00:00:00+07:00,5563.012591575091,5603.917095924909,5501.6558350503665,5583.46484375,91268300,0.0,0.0
2024-10-30 00:00:00+07:00,5378.943100766783,5542.561141854745,5378.943100766783,5522.10888671875,122132700,0.0,0.0
2024-10-31 00:00:00+07:00,5522.108609783116,5583.465372114039,5481.2041015625,5481.2041015625,126730700,0.0,0.0
2024-11-01 00:00:00+07:00,5501.656569402021,5501.656569402021,5358.490785068139,5440.2998046875,101423100,0.0,0.0
2024-11-04 00:00:00+07:00,5399.395355902778,5563.013396990741,5338.038590494792,5522.10888671875,80208800,0.0,0.0
2024-11-05 00:00:00+07:00,5501.656380443367,5685.726668264892,5460.751872038583,5665.2744140625,88661200,0.0,0.0
2024-11-06 00:00:00+07:00,5665.274542655654,5665.274542655654,5358.49072265625,5358.49072265625,147272800,0.0,0.0
2024-11-07 00:00:00+07:00,5317.585762706713,5358.490268573687,5256.22900390625,5256.22900390625,154758500,0.0,0.0
2024-11-08 00:00:00+07:00,5256.229428498641,5338.038446841033,5133.515900985054,5174.42041015625,192423000,0.0,0.0
2024-11-11 00:00:00+07:00,5153.968050258366,5276.681575264518,5031.254525252215,5194.87255859375,125606000,0.0,0.0
2024-11-12 00:00:00+07:00,5215.3251953125,5276.681962316176,5174.420683976716,5215.3251953125,117281700,0.0,0.0
2024-11-13 00:00:00+07:00,5317.585762706713,5358.490268573687,5235.776750972763,5256.22900390625,102748300,0.0,0.0
2024-11-14 00:00:00+07:00,5215.3251953125,5297.1342179840685,5194.872939644608,5215.3251953125,69750600,0.0,0.0
2024-11-15 00:00:00+07:00,5153.968050258366,5235.777066929134,5153.968050258366,5194.87255859375,41079700,0.0,0.0
2024-11-18 00:00:00+07:00,5194.872664741848,5256.229428498641,5092.611391813859,5174.42041015625,77471700,0.0,0.0
2024-11-19 00:00:00+07:00,5215.32474609375,5215.32474609375,5092.61122265625,5113.0634765625,95495700,0.0,0.0
2024-11-20 00:00:00+07:00,5174.420345444278,5194.872599774097,5072.159073795181,5092.611328125,68707200,0.0,0.0
2024-11-21 00:00:00+07:00,5092.611155440168,5092.611155440168,5010.802140894944,5031.25439453125,76579300,0.0,0.0
2024-11-22 00:00:00+07:00,5010.80220703125,5153.967984375,4990.349953125,5113.0634765625,80236400,0.0,0.0
2024-11-25 00:00:00+07:00,5174.420328466611,5399.395125356464,5174.420328466611,5378.94287109375,183449100,0.0,0.0
2024-11-26 00:00:00+07:00,5399.3953857421875,5399.3953857421875,5174.42057800293,5235.77734375,107194300,0.0,0.0
2024-11-28 00:00:00+07:00,5194.872142229893,5338.037909929142,5194.872142229893,5276.68115234375,81883200,0.0,0.0
2024-11-29 00:00:00+07:00,5174.420169985391,5215.324677258003,5010.802140894944,5031.25439453125,157628700,0.0,0.0
2024-12-02 00:00:00+07:00,5051.707297770183,5113.064066569011,4888.089247639974,4908.54150390625,114555300,0.0,0.0
2024-12-03 00:00:00+07:00,4990.3498505976095,5133.515625,4990.3498505976095,5133.515625,99509800,0.0,0.0
2024-12-04 00:00:00+07:00,5133.5161726409315,5276.681962316176,5092.611661305147,5215.3251953125,75260000,0.0,0.0
2024-12-05 00:00:00+07:00,5194.872423621698,5215.324677258003,5031.25439453125,5031.25439453125,69528700,0.0,0.0
2024-12-06 00:00:00+07:00,5072.159073795181,5133.515836784639,5010.802310805723,5092.611328125,75989700,0.0,0.0
2024-12-09 00:00:00+07:00,5051.707149969363,5215.3251953125,5051.707149969363,5215.3251953125,74220300,0.0,0.0
2024-12-10 00:00:00+07:00,5133.515520368304,5174.420026506697,5092.611014229911,5153.9677734375,92245000,0.0,0.0
2024-12-11 00:00:00+07:00,5153.9677734375,5235.776785714286,5153.9677734375,5153.9677734375,62509600,0.0,0.0
2024-12-12 00:00:00+07:00,5072.159008290816,5092.611262356505,4990.349992028061,5010.80224609375,96707500,0.0,0.0
2024-12-13 00:00:00+07:00,4928.99267578125,4990.349431081431,4888.088172247795,4928.99267578125,135581400,0.0,0.0
2024-12-16 00:00:00+07:00,4826.731690457818,4990.349713863168,4826.731690457818,4969.8974609375,105375900,0.0,0.0
2024-12-17 00:00:00+07:00,4949.445739233193,4969.897994353992,4847.184463629202,4867.63671875,72109300,0.0,0.0
2024-12-18 00:00:00+07:00,4847.184012875537,4908.540772532188,4724.470493562232,4765.375,153164600,0.0,0.0
2024-12-19 00:00:00+07:00,4601.757113418915,4683.566128768584,4581.304859581498,4642.66162109375,277793000,0.0,0.0
2024-12-20 00:00:00+07:00,4642.66162109375,4704.018382606002,4601.757113418915,4642.66162109375,148568600,0.0,0.0
2024-12-23 00:00:00+07:00,4744.922746781116,4806.279506437768,4683.565987124463,4765.375,82910100,0.0,0.0
2024-12-24 00:00:00+07:00,4765.375318444293,4806.279827615489,4704.0185546875,4704.0185546875,41240900,0.0,0.0
2024-12-27 00:00:00+07:00,4704.018828293372,4785.827851394127,4704.018828293372,4744.92333984375,46126800,0.0,0.0
2024-12-30 00:00:00+07:00,4642.662002295779,4704.018768845943,4622.209746779057,4663.1142578125,96782100,0.0,0.0
2025-01-02 00:00:00+07:00,4663.114107572115,4785.82763671875,4663.114107572115,4785.82763671875,82914600,0.0,0.0
2025-01-03 00:00:00+07:00,4785.827851394127,4806.280107169316,4724.471084068561,4744.92333984375,58067100,0.0,0.0
2025-01-06 00:00:00+07:00,4765.375144118254,4765.375144118254,4622.209367256332,4642.66162109375,68443700,0.0,0.0
2025-01-07 00:00:00+07:00,4581.3046875,4622.209193638393,4540.400181361608,4581.3046875,96982300,0.0,0.0
2025-01-08 00:00:00+07:00,4581.305027173913,4704.0185546875,4581.305027173913,4704.0185546875,118246100,0.0,0.0
2025-01-09 00:00:00+07:00,4683.566300101902,4724.470809273098,4663.114045516304,4704.0185546875,56491700,0.0,0.0
2025-01-10 00:00:00+07:00,4704.018205915178,4724.470458984375,4581.3046875,4581.3046875,77751500,0.0,0.0
2025-01-13 00:00:00+07:00,4499.495987697964,4540.400496677036,4479.0437332084275,4519.9482421875,99953900,0.0,0.0
2025-01-14 00:00:00+07:00,4438.139266402633,4560.852794505932,4417.68701171875,4417.68701171875,97351900,0.0,0.0
2025-01-15 00:00:00+07:00,4479.043754245924,4765.375318444293,4458.591499660326,4704.0185546875,194025700,0.0,0.0
2025-01-16 00:00:00+07:00,4969.897315492021,5072.15857712766,4785.827044547872,4806.279296875,204359900,0.0,0.0
2025-01-17 00:00:00+07:00,4744.922539893617,4949.445063164893,4704.018035239362,4806.279296875,114054600,0.0,0.0
2025-01-20 00:00:00+07:00,4908.54150390625,4949.446016438802,4847.184735107422,4908.54150390625,84338400,0.0,0.0
2025-01-21 00:00:00+07:00,4990.349819214876,5051.70657928719,4928.993059142562,4949.4453125,115355900,0.0,0.0
2025-01-22 00:00:00+07:00,5031.25439453125,5072.158901803862,4990.349887258639,5031.25439453125,117929800,0.0,0.0
2025-01-23 00:00:00+07:00,5072.159286437247,5153.9683071862355,5051.70703125,5051.70703125,120893700,0.0,0.0
2025-01-24 00:00:00+07:00,5113.063516422194,5113.063516422194,5010.80224609375,5010.80224609375,96161800,0.0,0.0
2025-01-30 00:00:00+07:00,4990.35009765625,5092.611370149206,4969.897843157659,4990.35009765625,101400400,0.0,0.0
2025-01-31 00:00:00+07:00,5051.706186381613,5092.610689915067,4928.99267578125,4928.99267578125,107861000,0.0,0.0
2025-02-03 00:00:00+07:00,4888.08913027007,4908.541386045258,4663.1143167429955,4744.92333984375,182181700,0.0,0.0
2025-02-04 00:00:00+07:00,4765.375144118254,4785.827397955672,4601.757113418915,4642.66162109375,121871500,0.0,0.0
2025-02-05 00:00:00+07:00,4581.305005656109,4581.305005656109,4479.0437332084275,4519.9482421875,185656000,0.0,0.0
2025-02-06 00:00:00+07:00,4438.139064414829,4438.139064414829,4090.450750612745,4172.259765625,642118700,0.0,0.0
2025-02-07 00:00:00+07:00,4090.451020175971,4213.16455078125,4049.546509974211,4213.16455078125,407896100,0.0,0.0
2025-02-10 00:00:00+07:00,4213.164455566406,4213.164455566406,4082.270025878906,4090.450927734375,169384300,0.0,0.0
2025-02-11 00:00:00+07:00,3885.9283072049498,4049.5463411925266,3885.9283072049498,3992.280029296875,316743200,0.0,0.0
2025-02-12 00:00:00+07:00,4025.0036749588817,4049.5463802939967,3951.3755589535363,4041.365478515625,225073300,0.0,0.0
2025-02-13 00:00:00+07:00,4041.3651721859455,4151.807337822605,4008.6415675528606,4110.90283203125,215271400,0.0,0.0
2025-02-14 00:00:00+07:00,4172.259660823171,4254.068673780488,4065.9079439786587,4192.7119140625,239709300,0.0,0.0
2025-02-17 00:00:00+07:00,4254.068872407834,4479.043668544787,4233.616618213566,4438.13916015625,223837300,0.0,0.0
2025-02-18 00:00:00+07:00,4458.59130859375,4540.400323430333,4397.234547466313,4458.59130859375,157430200,0.0,0.0
2025-02-19 00:00:00+07:00,4397.234735903533,4417.68699048913,4192.712190047554,4233.61669921875,204335500,0.0,0.0
2025-02-20 00:00:00+07:00,4192.7122956803705,4274.521316083889,4172.26004057949,4213.16455078125,98363500,0.0,0.0
2025-02-21 00:00:00+07:00,4090.4503733066504,4172.2593807727835,4090.4503733066504,4151.80712890625,152528600,0.0,0.0
2025-02-24 00:00:00+07:00,4131.355084926928,4151.807337822605,4074.08877681903,4110.90283203125,127578500,0.0,0.0
2025-02-25 00:00:00+07:00,4090.450592354338,4110.902845316109,3975.9179757684165,3984.098876953125,224607800,0.0,0.0
2025-02-26 00:00:00+07:00,3975.9182515958464,4074.089072622904,3967.7373498435913,4025.003662109375,161836900,0.0,0.0
2025-02-27 00:00:00+07:00,4033.184386421171,4049.546189205841,3812.300048828125,3812.300048828125,334919800,0.0,0.0
2025-02-28 00:00:00+07:00,3779.5766474184784,3836.8429602581523,3722.3103345788045,3763.21484375,464696700,0.0,0.0
2025-03-03 00:00:00+07:00,3885.928319814254,4074.089059510523,3845.02381118463,4008.641845703125,257118300,0.0,0.0
2025-03-04 00:00:00+07:00,4008.641806358148,4025.003609649406,3885.928281673715,3959.556396484375,144346500,0.0,0.0
2025-03-05 00:00:00+07:00,3975.918212890625,4131.3553446703,3975.918212890625,3975.918212890625,252222800,0.0,0.0
2025-03-06 00:00:00+07:00,4016.8224816919596,4074.0887899849204,3984.098876953125,3984.098876953125,194909200,0.0,0.0
2025-03-07 00:00:00+07:00,3984.099101421262,3984.099101421262,3935.0136915474886,3959.556396484375,117916600,0.0,0.0
2025-03-10 00:00:00+07:00,3869.566637950338,3894.1093438992834,3812.3003240694666,3853.204833984375,231152200,0.0,0.0
2025-03-11 00:00:00+07:00,3804.1192008875596,3910.4709204822657,3795.9382993802747,3877.747314453125,150738100,0.0,0.0
2025-03-12 00:00:00+07:00,3885.9283072049498,3992.280029296875,3885.9283072049498,3992.280029296875,129973900,0.0,0.0
2025-03-13 00:00:00+07:00,4041.3653445988266,4041.3653445988266,3853.20460993127,3877.747314453125,176286000,0.0,0.0
2025-03-14 00:00:00+07:00,3795.9382993802747,3926.8327234968356,3795.9382993802747,3877.747314453125,154331400,0.0,0.0
2025-03-17 00:00:00+07:00,3877.747273763021,3902.2899780273438,3812.300062391493,3828.661865234375,135692800,0.0,0.0
2025-03-18 00:00:00+07:00,3828.661760140729,3836.8426613376105,3517.7875146592164,3705.9482421875,387565100,0.0,0.0
2025-03-19 00:00:00+07:00,3705.9483439127607,3845.0236680772573,3632.320231119792,3828.661865234375,273084900,0.0,0.0
2025-03-20 00:00:00+07:00,3894.109286221591,3902.290188083401,3771.39575829444,3779.57666015625,138209700,0.0,0.0
2025-03-21 00:00:00+07:00,3763.214717527636,3771.3956190874787,3583.234883211097,3607.777587890625,374396400,0.0,0.0
2025-03-24 00:00:00+07:00,3558.6922109287416,3705.948440346483,3476.8831945855522,3648.68212890625,319017400,0.0,0.0
2025-03-25 00:00:00+07:00,3681.4056782782836,3935.013625004121,3681.4056782782836,3877.747314453125,313034100,0.0,0.0
2025-03-26 00:00:00+07:00,4074.089216095267,4233.6168058821295,4033.1847058935073,4213.16455078125,582172700,0.0,0.0
2025-03-27 00:00:00+07:00,4213.164339505709,4294.973355806791,4131.355323204627,4254.06884765625,301025300,0.0,0.0
2025-04-08 00:00:00+07:00,3681.405868366903,3951.375632047143,3681.405868366903,3820.481201171875,738455000,0.0,0.0
2025-04-09 00:00:00+07:00,3787.7576181205213,3918.652049848228,3787.7576181205213,3853.204833984375,316821100,0.0,0.0
2025-04-10 00:00:00+07:00,4254.068602300995,4274.5208551966725,4065.9078756607587,4110.90283203125,559966600,0.0,0.0
2025-04-11 00:00:00+07:00,4090.450750612745,4233.616526884191,4049.5462431066176,4172.259765625,384917500,0.0,0.0
2025-04-14 00:00:00+07:00,4186.832180304276,4276.87158203125,4186.832180304276,4276.87158203125,423716000,466.18436,0.0
2025-04-15 00:00:00+07:00,4321.891421178344,4339.8993020999205,4240.85595703125,4240.85595703125,230981700,0.0,0.0
2025-04-16 00:00:00+07:00,4267.867558720302,4276.871498717603,4132.808458760799,4168.82421875,201660000,0.0,0.0
2025-04-17 00:00:00+07:00,4168.824812117867,4195.836635954483,4114.801164444633,4141.81298828125,165381400,0.0,0.0
2025-04-21 00:00:00+07:00,4141.812466106291,4177.828226681128,4105.796705531454,4150.81640625,83034600,0.0,0.0
2025-04-22 00:00:00+07:00,4150.816519009865,4249.85986328125,4132.808638233249,4249.85986328125,126426200,0.0,0.0
2025-04-23 00:00:00+07:00,4303.883382493623,4411.9306640625,4267.867621970663,4411.9306640625,273395600,0.0,0.0
2025-04-24 00:00:00+07:00,4456.950399012653,4524.479950512845,4375.914937212423,4402.9267578125,282970000,0.0,0.0
2025-04-25 00:00:00+07:00,4465.954304846939,4465.954304846939,4411.9306640625,4411.9306640625,134208400,0.0,0.0
2025-04-28 00:00:00+07:00,4456.9502965415395,4483.962116520579,4402.9266565834605,4429.9384765625,90697900,0.0,0.0
2025-04-29 00:00:00+07:00,4438.942349206098,4456.950228918901,4393.922649924089,4447.9462890625,108857600,0.0,0.0
2025-04-30 00:00:00+07:00,4411.930698012526,4429.938578412576,4330.8952362122955,4402.9267578125,278360600,0.0,0.0
2025-05-02 00:00:00+07:00,4483.96247125441,4483.96247125441,4420.934886317099,4465.95458984375,146800800,0.0,0.0
2025-05-05 00:00:00+07:00,4492.966342910705,4592.009689147214,4465.954521209839,4483.96240234375,154073100,0.0,0.0
2025-05-06 00:00:00+07:00,4524.480134895049,4546.989986312437,4483.96240234375,4483.96240234375,120165500,0.0,0.0
2025-05-07 00:00:00+07:00,4546.990091343118,4546.990091343118,4456.95068359375,4456.95068359375,100674600,0.0,0.0
2025-05-08 00:00:00+07:00,4465.954185151357,4524.479794432575,4312.88720703125,4312.88720703125,205199700,0.0,0.0
2025-05-09 00:00:00+07:00,4312.887274592177,4348.903034714033,4276.871514470322,4294.87939453125,164014200,0.0,0.0
2025-05-14 00:00:00+07:00,4402.926704633354,4546.98974609375,4393.922764542079,4546.98974609375,342468200,0.0,0.0
2025-05-15 00:00:00+07:00,4569.500105450411,4862.128191021127,4546.990252714202,4794.5986328125,300147300,0.0,0.0
2025-05-16 00:00:00+07:00,4884.6375258633,4929.6572265625,4682.048872716895,4929.6572265625,229382100,0.0,0.0
2025-05-19 00:00:00+07:00,4907.147690716912,5019.696949678309,4862.127987132353,4974.67724609375,191440600,0.0,0.0
2025-05-20 00:00:00+07:00,4952.167335792824,4997.187038845486,4817.108226634838,4862.1279296875,145525700,0.0,0.0
2025-05-21 00:00:00+07:00,4862.127759461009,4997.186863890482,4839.617908722764,4907.1474609375,167239400,0.0,0.0
2025-05-22 00:00:00+07:00,4907.1474609375,4952.167162413991,4862.127759461009,4907.1474609375,137585600,0.0,0.0
2025-05-23 00:00:00+07:00,4907.147546442972,4929.6573975734445,4839.6179930515555,4884.6376953125,67336400,0.0,0.0
2025-05-26 00:00:00+07:00,4884.6375258633,4929.6572265625,4772.088274115297,4929.6572265625,102960800,0.0,0.0
2025-05-27 00:00:00+07:00,4952.167335792824,4952.167335792824,4862.1279296875,4862.1279296875,86083800,0.0,0.0
2025-05-28 00:00:00+07:00,4862.127782281839,4884.637633125737,4772.08837890625,4772.08837890625,190669100,0.0,0.0
2025-06-02 00:00:00+07:00,4682.048760775862,4727.0684603987065,4524.479812095905,4569.49951171875,373474500,0.0,0.0
2025-06-03 00:00:00+07:00,4592.009446550123,4614.5192967783105,4456.950345181002,4546.98974609375,169321800,0.0,0.0
2025-06-04 00:00:00+07:00,4614.519383065143,4614.519383065143,4483.9622493003735,4524.47998046875,139577800,0.0,0.0
2025-06-05 00:00:00+07:00,4546.989661907328,4569.49951171875,4501.969962284483,4569.49951171875,69179700,0.0,0.0
2025-06-10 00:00:00+07:00,4569.499886067709,4727.06884765625,4569.499886067709,4727.06884765625,158265000,0.0,0.0
2025-06-11 00:00:00+07:00,4772.088228665865,4772.088228665865,4637.029127854567,4682.048828125,90666100,0.0,0.0
2025-06-12 00:00:00+07:00,4704.558763586956,4704.558763586956,4614.519361413043,4659.5390625,72423700,0.0,0.0
2025-06-13 00:00:00+07:00,4659.539147830704,4727.068700697815,4592.0095949635925,4637.029296875,128071000,0.0,0.0
2025-06-16 00:00:00+07:00,4637.029296875,4682.0489987864075,4592.0095949635925,4637.029296875,61695600,0.0,0.0
2025-06-17 00:00:00+07:00,4659.538825539981,4704.558524337469,4592.00927734375,4592.00927734375,70657700,0.0,0.0
2025-06-18 00:00:00+07:00,4569.49951171875,4592.009361530172,4524.479812095905,4569.49951171875,53353000,0.0,0.0
2025-06-19 00:00:00+07:00,4546.98952504087,4546.98952504087,4420.934369891223,4474.9580078125,114769600,0.0,0.0
2025-06-20 00:00:00+07:00,4447.946812008748,4492.966516583735,4348.903461943775,4438.94287109375,301154300,0.0,0.0
2025-06-23 00:00:00+07:00,4384.918776597434,4438.942416555513,4321.891196646341,4429.9384765625,119439200,0.0,0.0
2025-06-24 00:00:00+07:00,4546.989831117849,4614.519383065143,4524.47998046875,4524.47998046875,126563900,0.0,0.0
2025-06-25 00:00:00+07:00,4524.479985471631,4546.98983614562,4393.9228515625,4393.9228515625,139963400,0.0,0.0
2025-06-26 00:00:00+07:00,4456.950428521455,4524.47998046875,4420.9346674828985,4524.47998046875,94704500,0.0,0.0
2025-06-30 00:00:00+07:00,4546.98983614562,4546.98983614562,4393.9228515625,4393.9228515625,220479900,0.0,0.0
2025-07-01 00:00:00+07:00,4411.9306846217105,4420.934624794408,4240.85582134046,4276.87158203125,319875800,0.0,0.0
2025-07-02 00:00:00+07:00,4258.863634409395,4294.87939453125,4240.855754348467,4294.87939453125,159152200,0.0,0.0
2025-07-03 00:00:00+07:00,4303.883436758307,4366.911018468157,4249.859795292721,4267.86767578125,103849000,0.0,0.0
2025-07-04 00:00:00+07:00,4276.871616025514,4312.887377002571,4231.851914804193,4267.86767578125,104170500,0.0,0.0
2025-07-07 00:00:00+07:00,4267.86767578125,4276.871616025514,4213.844034315664,4267.86767578125,120538300,0.0,0.0
2025-07-08 00:00:00+07:00,4240.8559228929425,4276.871684446173,4231.851982504634,4249.85986328125,132853800,0.0,0.0
2025-07-09 00:00:00+07:00,4249.859897492039,4285.875659335191,4204.840195188097,4240.85595703125,110198500,0.0,0.0
2025-07-10 00:00:00+07:00,4276.87182921097,4348.9033547555755,4258.863947824819,4339.8994140625,160889700,0.0,0.0
2025-07-11 00:00:00+07:00,4366.910731969945,4492.9658871195925,4348.902852662853,4474.9580078125,219980300,0.0,0.0
2025-07-14 00:00:00+07:00,4483.962422124867,4492.966362731543,4204.840263317898,4222.84814453125,429438700,0.0,0.0
2025-07-15 00:00:00+07:00,4231.85205078125,4267.867812915559,4222.848110247673,4231.85205078125,206958200,0.0,0.0
2025-07-16 00:00:00+07:00,4258.863906957956,4285.875728777985,4213.844203924574,4222.84814453125,323831100,0.0,0.0
2025-07-17 00:00:00+07:00,4231.851982504634,4249.85986328125,4213.844101728019,4249.85986328125,120304000,0.0,0.0
2025-07-18 00:00:00+07:00,4285.875556269778,4330.8952574911,4249.859795292721,4267.86767578125,161262400,0.0,0.0
2025-07-21 00:00:00+07:00,4294.879704402043,4294.879704402043,4213.84423828125,4213.84423828125,103387400,0.0,0.0
2025-07-22 00:00:00+07:00,4213.843817060086,4240.855636400215,4186.831997719957,4195.8359375,132984400,0.0,0.0
2025-07-23 00:00:00+07:00,4195.836356921073,4222.848178961338,4195.836356921073,4213.84423828125,115298400,0.0,0.0
2025-07-24 00:00:00+07:00,4222.848252360026,4357.907364908854,4213.844311523438,4321.8916015625,273623100,0.0,0.0
2025-07-25 00:00:00+07:00,4321.891491204691,4321.891491204691,4222.84814453125,4222.84814453125,88471700,0.0,0.0
2025-07-28 00:00:00+07:00,4258.863872381981,4276.871753449135,4222.848110247673,4231.85205078125,112048900,0.0,0.0
2025-07-29 00:00:00+07:00,4231.852016570462,4249.859897492039,4222.8480761096735,4240.85595703125,74422700,0.0,0.0
2025-07-30 00:00:00+07:00,4240.855773133117,4249.859713203463,4159.8203125,4159.8203125,141263400,0.0,0.0
2025-07-31 00:00:00+07:00,4150.816253594443,4177.82807303215,4060.77685546875,4060.77685546875,155903600,0.0,0.0
2025-08-01 00:00:00+07:00,4114.800672922703,4150.81643373603,4060.777031702711,4078.784912109375,157949900,0.0,0.0
2025-08-04 00:00:00+07:00,4078.784851866883,4168.824252570346,4060.7769717261904,4159.8203125,174404800,0.0,0.0
2025-08-05 00:00:00+07:00,4222.847940995066,4303.8834025493425,4195.8361204769735,4276.87158203125,277668300,0.0,0.0
2025-08-06 00:00:00+07:00,4276.871753449135,4276.871753449135,4222.848110247673,4231.85205078125,79277900,0.0,0.0
2025-08-07 00:00:00+07:00,4267.867882361778,4267.867882361778,4213.84423828125,4213.84423828125,61453100,0.0,0.0
2025-08-08 00:00:00+07:00,4213.844272785064,4231.852154292693,4195.836391277436,4204.84033203125,71516700,0.0,0.0
2025-08-11 00:00:00+07:00,4240.8559228929425,4303.883505611097,4231.851982504634,4249.85986328125,105204200,0.0,0.0
2025-08-12 00:00:00+07:00,4294.879883806963,4429.938999649949,4276.8720016945645,4420.93505859375,301599000,0.0,0.0
2025-08-13 00:00:00+07:00,4438.942587349205,4474.958348707008,4375.91500497305,4384.9189453125,180844900,0.0,0.0
2025-08-14 00:00:00+07:00,4420.9347756926545,4438.942656652706,4357.907192332474,4366.9111328125,109457100,0.0,0.0
2025-08-15 00:00:00+07:00,4402.926894732603,4438.942656652706,4366.9111328125,4366.9111328125,126685400,0.0,0.0
2025-08-19 00:00:00+07:00,4375.915246582032,4384.91918741862,4303.883719889323,4321.8916015625,116454000,0.0,0.0
2025-08-20 00:00:00+07:00,4312.88763119476,4456.95068359375,4303.883690419823,4456.95068359375,144622900,0.0,0.0
2025-08-21 00:00:00+07:00,4456.950364716199,4456.950364716199,4375.914903539541,4411.9306640625,132019200,0.0,0.0
2025-08-22 00:00:00+07:00,4429.938578412576,4429.938578412576,4384.918877412449,4402.9267578125,73104500,0.0,0.0
2025-08-25 00:00:00+07:00,4456.95068359375,4483.96250591856,4429.938861268939,4456.95068359375,149580800,0.0,0.0
2025-08-26 00:00:00+07:00,4456.950364716199,4456.950364716199,4375.914903539541,4411.9306640625,308891700,0.0,0.0
2025-08-27 00:00:00+07:00,4357.907364908854,4393.923128255208,4321.8916015625,4321.8916015625,113576300,0.0,0.0
2025-08-28 00:00:00+07:00,4312.887274592177,4366.9109147749605,4294.87939453125,4294.87939453125,111707400,0.0,0.0
2025-08-29 00:00:00+07:00,4249.859829215116,4276.871650163517,4195.836187318314,4258.86376953125,176485100,0.0,0.0
2025-09-01 00:00:00+07:00,4096.7932818868885,4204.840577233356,4015.757810377038,4141.81298828125,320335300,0.0,0.0
2025-09-02 00:00:00+07:00,4150.816543011488,4204.84018565372,4105.796840809628,4114.80078125,150045600,0.0,0.0
2025-09-03 00:00:00+07:00,4159.8203125,4195.836072781385,4114.800612148269,4159.8203125,131617900,0.0,0.0
2025-09-04 00:00:00+07:00,4168.824534880809,4213.84423828125,4159.820594200721,4213.84423828125,88735300,0.0,0.0
2025-09-08 00:00:00+07:00,4276.871998538419,4276.871998538419,4015.7577081013364,4042.76953125,200234500,0.0,0.0
2025-09-09 00:00:00+07:00,4006.753405506816,4033.7652262180977,3880.6982421875005,3880.6982421875,509366600,0.0,0.0
2025-09-10 00:00:00+07:00,3925.717882191051,3979.741522771662,3916.7139420942826,3961.733642578125,293494200,0.0,0.0
2025-09-11 00:00:00+07:00,4033.76513671875,4087.788776942662,4006.753316606794,4033.76513671875,366697800,0.0,0.0
2025-09-12 00:00:00+07:00,4051.773125302475,4096.792826694725,4033.7652447455753,4069.781005859375,216960200,0.0,0.0
2025-09-15 00:00:00+07:00,4096.792792516039,4177.828254346026,4069.7809719060433,4078.784912109375,231346000,0.0,0.0
2025-09-16 00:00:00+07:00,4114.800597054617,4114.800597054617,4015.7572566441127,4033.76513671875,122027400,0.0,0.0
2025-09-17 00:00:00+07:00,4033.765036031042,4069.780795281319,3997.749276780765,4060.77685546875,232702500,0.0,0.0
2025-09-18 00:00:00+07:00,4087.788734401513,4096.792674345129,3979.741455078125,3979.741455078125,177560100,0.0,0.0
2025-09-19 00:00:00+07:00,3916.714251792594,3979.741837453624,3898.7063701751567,3943.72607421875,235975900,0.0,0.0
2025-09-22 00:00:00+07:00,3970.7375151345095,3979.741455078125,3925.717815416431,3979.741455078125,107176100,0.0,0.0
2025-09-23 00:00:00+07:00,3952.729911821499,3988.7456741160004,3934.722030674249,3970.73779296875,90675500,0.0,0.0
2025-09-24 00:00:00+07:00,3970.737616675862,3988.745497023598,3952.7297363281255,3952.729736328125,85439100,0.0,0.0
2025-09-25 00:00:00+07:00,3961.7340255877293,3970.737966554974,3925.71826171875,3925.71826171875,73946900,0.0,0.0
2025-09-26 00:00:00+07:00,3916.7138754728153,3988.745395021741,3916.7138754728153,3979.741455078125,86572900,0.0,0.0
2025-09-29 00:00:00+07:00,3979.741522771662,3988.7454628684304,3961.733642578125,3961.733642578125,63753600,0.0,0.0
2025-09-30 00:00:00+07:00,3979.741522771662,4006.7533430619674,3943.725762384588,3961.733642578125,108639600,0.0,0.0
2025-10-01 00:00:00+07:00,3925.7181926013127,3961.733955836187,3916.714251792594,3943.72607421875,92265100,0.0,0.0
2025-10-02 00:00:00+07:00,3970.737966554974,3997.7497894567086,3925.71826171875,3925.71826171875,93387400,0.0,0.0
2025-10-03 00:00:00+07:00,3934.721883610064,3943.725823847158,3871.694301950406,3880.6982421875,102459100,0.0,0.0
2025-10-06 00:00:00+07:00,3889.702107174296,3898.7060472371995,3835.678466796875,3835.678466796875,96040500,0.0,0.0
2025-10-07 00:00:00+07:00,3835.678366067526,3889.7020050262236,3826.6744262410766,3862.690185546875,100237500,0.0,0.0
2025-10-08 00:00:00+07:00,3853.6866268382355,3862.690567555147,3790.659041819853,3826.6748046875,97466800,0.0,0.0
2025-10-09 00:00:00+07:00,3817.6706337201026,4006.7533773713344,3781.65487302463,3952.729736328125,183242600,0.0,0.0
2025-10-10 00:00:00+07:00,3970.737856158088,3979.741796875,3826.6748046875,3826.6748046875,139911200,0.0,0.0
2025-10-13 00:00:00+07:00,3790.659110427748,3817.670933067376,3781.6551695478724,3808.6669921875,79178600,0.0,0.0
2025-10-14 00:00:00+07:00,3799.66279583397,3844.6824972064105,3682.611572265625,3682.611572265625,188507000,0.0,0.0
2025-10-15 00:00:00+07:00,3700.6195909288194,3727.6314127604164,3610.580184823495,3646.595947265625,270562400,0.0,0.0
2025-10-16 00:00:00+07:00,3646.5958111676723,3736.6352139125534,3646.5958111676723,3682.611572265625,125979600,0.0,0.0
2025-10-17 00:00:00+07:00,3700.6195909288194,3700.6195909288194,3628.58806604456,3646.595947265625,247510000,0.0,0.0
2025-10-20 00:00:00+07:00,3709.623410247093,3889.702216569767,3664.603708666424,3871.6943359375,331939200,0.0,0.0
2025-10-21 00:00:00+07:00,3916.7138671875,3952.729626885776,3871.6941675646553,3916.7138671875,230858900,0.0,0.0
2025-10-22 00:00:00+07:00,3916.7139348477194,4015.7572757289263,3862.6902943670616,3898.7060546875,216261300,0.0,0.0
2025-10-23 00:00:00+07:00,3880.6983204447656,3997.749545887415,3880.6983204447656,3988.74560546875,202102500,0.0,0.0
2025-10-24 00:00:00+07:00,3943.725978708791,4132.808731112637,3943.725978708791,4096.79296875,350420300,0.0,0.0
2025-10-27 00:00:00+07:00,4132.808762518352,4141.812703177433,3970.7378306548867,4024.761474609375,245576100,0.0,0.0
2025-10-28 00:00:00+07:00,4042.7689758436113,4060.77685546875,3997.749276780765,4060.77685546875,174666600,0.0,0.0
2025-10-29 00:00:00+07:00,4051.773405997984,4186.83251953125,4042.769465095766,4186.83251953125,176978800,0.0,0.0
2025-10-30 00:00:00+07:00,4204.840370686849,4348.903424072266,4186.832489013672,4321.8916015625,390256000,0.0,0.0
2025-10-31 00:00:00+07:00,4312.887445999404,4321.8913863877115,4249.85986328125,4249.85986328125,227378000,0.0,0.0
2025-11-03 00:00:00+07:00,4240.855787774094,4285.87548828125,4231.851847672662,4285.87548828125,129834200,0.0,0.0
2025-11-04 00:00:00+07:00,4285.875590479651,4312.8874114280525,4249.859829215116,4258.86376953125,136412400,0.0,0.0
2025-11-05 00:00:00+07:00,4222.8478742875395,4294.87939453125,4213.8439342570755,4294.87939453125,102878900,0.0,0.0
2025-11-06 00:00:00+07:00,4312.88734272204,4312.88734272204,4276.87158203125,4276.87158203125,57932600,0.0,0.0
2025-11-07 00:00:00+07:00,4276.87158203125,4303.8834025493425,4267.867641858553,4276.87158203125,58845500,0.0,0.0
2025-11-10 00:00:00+07:00,4312.8874114280525,4312.8874114280525,4258.86376953125,4258.86376953125,88738200,0.0,0.0
2025-11-11 00:00:00+07:00,4267.867882361778,4276.871823041867,4150.816653520633,4213.84423828125,168794500,0.0,0.0
2025-11-12 00:00:00+07:00,4213.8439674698,4312.887308585543,4213.8439674698,4285.87548828125,138539800,0.0,0.0
2025-11-13 00:00:00+07:00,4285.875693982713,4285.875693982713,4222.848110247673,4231.85205078125,108100300,0.0,0.0
2025-11-14 00:00:00+07:00,4222.847940995066,4276.87158203125,4213.844000822369,4276.87158203125,73479600,0.0,0.0
2025-11-17 00:00:00+07:00,4303.883651290197,4366.911236141727,4294.879710597122,4339.8994140625,136477100,0.0,0.0
2025-11-18 00:00:00+07:00,4330.8950868100865,4366.9108463677585,4303.883267141832,4312.88720703125,127022100,0.0,0.0
2025-11-19 00:00:00+07:00,4339.899311372423,4366.9111328125,4321.891430412371,4366.9111328125,107585700,0.0,0.0
2025-11-20 00:00:00+07:00,4447.9462890625,4492.965988344509,4411.930529636892,4447.9462890625,234717700,0.0,0.0
2025-11-21 00:00:00+07:00,4447.946742818813,4474.958565143624,4411.930979719065,4456.95068359375,142452600,0.0,0.0
2025-11-24 00:00:00+07:00,4420.934421913296,4592.00927734375,4384.918662875306,4592.00927734375,303252000,0.0,0.0
2025-11-25 00:00:00+07:00,4569.499681766946,4592.009532416045,4456.950428521455,4524.47998046875,169379300,0.0,0.0
2025-11-26 00:00:00+07:00,4524.47998046875,4524.47998046875,4465.954368781095,4524.47998046875,128492000,0.0,0.0
2025-11-27 00:00:00+07:00,4524.480055820794,4524.480055820794,4366.911098652907,4375.9150390625,170213000,0.0,0.0
2025-11-28 00:00:00+07:00,4321.891498447205,4393.9230234213255,4321.891498447205,4348.9033203125,128777200,0.0,0.0
2025-12-01 00:00:00+07:00,4366.911098652907,4420.934741110468,4339.899277424126,4375.9150390625,58603700,0.0,0.0
2025-12-02 00:00:00+07:00,4429.93871617268,4447.946597132732,4339.899311372423,4366.9111328125,104013500,0.0,0.0
2025-12-03 00:00:00+07:00,4366.911030753714,4429.938612640881,4339.899209944928,4393.9228515625,102556300,0.0,0.0
2025-12-04 00:00:00+07:00,4438.942416555513,4447.946356548527,4393.922716590447,4429.9384765625,59392600,0.0,0.0
2025-12-05 00:00:00+07:00,4447.946424585459,4447.946424585459,4384.918843670281,4411.9306640625,53969200,0.0,0.0
2025-12-08 00:00:00+07:00,4456.95068359375,4465.954624368686,4420.934920494003,4456.95068359375,62947600,0.0,0.0
2025-12-09 00:00:00+07:00,4474.9582794127045,4483.96221961273,4384.918877412449,4402.9267578125,134575200,0.0,0.0
2025-12-10 00:00:00+07:00,4456.9501285054075,4474.9580078125,4384.918611277038,4474.9580078125,96005900,0.0,0.0
2025-12-11 00:00:00+07:00,4501.970387468434,4546.990091343118,4348.903394294507,4456.95068359375,151956700,0.0,0.0
2025-12-12 00:00:00+07:00,4483.9624651517115,4483.9624651517115,4339.8994140625,4339.8994140625,111830600,0.0,0.0
2025-12-15 00:00:00+07:00,4339.899320124624,4524.480100337393,4312.8874986300725,4492.96630859375,122451500,0.0,0.0
2025-12-16 00:00:00+07:00,4524.480065917969,4546.989916992187,4429.93869140625,4501.97021484375,137373200,0.0,0.0
2025-12-17 00:00:00+07:00,4492.966189560013,4524.47998046875,4465.954368781095,4524.47998046875,94254100,0.0,0.0
2025-12-18 00:00:00+07:00,4524.48004209648,4659.539147830704,4524.48004209648,4637.029296875,150669000,0.0,0.0
2025-12-19 00:00:00+07:00,4659.5390625,4682.048913043478,4592.009510869565,4659.5390625,161960800,0.0,0.0
2025-12-22 00:00:00+07:00,4659.538825539981,4682.0486749387255,4524.479729147519,4592.00927734375,93615600,0.0,0.0
2025-12-23 00:00:00+07:00,4546.98974609375,4592.009446550123,4501.970045637377,4546.98974609375,44307700,0.0,0.0
2025-12-24 00:00:00+07:00,4524.479895865563,4592.009446550123,4524.479895865563,4546.98974609375,40272500,0.0,0.0
2025-12-29 00:00:00+07:00,4569.49951171875,4637.029061153017,4546.989661907328,4569.49951171875,55697500,0.0,0.0
2025-12-30 00:00:00+07:00,4569.499427945006,4637.028976141238,4546.989578546262,4592.00927734375,74077800,0.0,0.0
2026-01-02 00:00:00+07:00,4614.519211341595,4637.029061153017,4524.479812095905,4569.49951171875,59263700,0.0,0.0
2026-01-05 00:00:00+07:00,4569.499596321937,4592.009446550123,4524.479895865563,4546.98974609375,108458200,0.0,0.0
2026-01-06 00:00:00+07:00,4583.733183313589,4583.733183313589,4482.68896484375,4482.68896484375,180600600,100.0,0.0
2026-01-07 00:00:00+07:00,4491.874889349987,4501.0607275695165,4409.20234537422,4418.38818359375,284261700,0.0,0.0
2026-01-08 00:00:00+07:00,4427.57402181328,4482.689051130457,4418.38818359375,4418.38818359375,108534300,0.0,0.0
2026-01-09 00:00:00+07:00,4427.57401358981,4445.945689994748,4372.458984375,4372.458984375,104703800,0.0,0.0
2026-01-12 00:00:00+07:00,4390.830368841719,4455.1312319837525,4335.715343291405,4381.64453125,118384500,0.0,0.0
2026-01-13 00:00:00+07:00,4409.202055238589,4445.945405698911,4390.830380008429,4427.57373046875,93419500,0.0,0.0
2026-01-14 00:00:00+07:00,4445.94580078125,4455.131639212616,4381.644931761686,4445.94580078125,114314800,0.0,0.0
2026-01-15 00:00:00+07:00,4445.9458213301605,4661.813025464992,4436.759982856338,4583.7333984375,245024400,0.0,0.0
2026-01-19 00:00:00+07:00,4615.883540039063,4684.77732421875,4574.54726953125,4592.9189453125,197645100,0.0,0.0
2026-01-20 00:00:00+07:00,4592.919193097015,4661.81298099347,4583.733354710821,4615.8837890625,93803800,0.0,0.0
2026-01-21 00:00:00+07:00,4615.883833095879,4615.883833095879,4528.618367594564,4583.7333984375,117548600,0.0,0.0
2026-01-22 00:00:00+07:00,4583.733201360128,4615.883634636201,4528.6181728868605,4574.54736328125,145002200,0.0,0.0
2026-01-23 00:00:00+07:00,4574.5475599636775,4592.9192369113225,4473.503336751628,4583.7333984375,116237200,0.0,0.0
2026-01-26 00:00:00+07:00,4510.24658203125,4565.361611546907,4473.503229020812,4510.24658203125,225443300,0.0,0.0
2026-01-27 00:00:00+07:00,4464.317374691398,4510.246565789046,4409.20234537422,4418.38818359375,160620600,0.0,0.0
2026-01-28 00:00:00+07:00,4197.928025630483,4418.388140762062,4050.9546155427633,4188.7421875,643802800,0.0,0.0
2026-01-29 00:00:00+07:00,4060.1403718952483,4262.228806695464,3738.6360438039956,4253.04296875,907054600,0.0,0.0
2026-01-30 00:00:00+07:00,4317.343679087785,4482.688756159232,4253.0428157822225,4427.57373046875,343393600,0.0,0.0
2026-02-02 00:00:00+07:00,4501.060526529947,4519.432202148438,4326.5296081542965,4409.2021484375,290622800,0.0,0.0
2026-02-03 00:00:00+07:00,4436.759765625,4455.131441673137,4326.5297093361805,4436.759765625,169775800,0.0,0.0
2026-02-04 00:00:00+07:00,4464.317214843751,4615.883540039063,4436.759701171875,4592.9189453125,232816800,0.0,0.0
2026-02-05 00:00:00+07:00,4638.84814453125,4684.7773340810645,4592.9189549814355,4638.84814453125,209505400,0.0,0.0
2026-02-06 00:00:00+07:00,4546.989765431622,4638.84814453125,4491.874737971844,4638.84814453125,278775900,0.0,0.0
2026-02-09 00:00:00+07:00,4638.848134765625,4661.812729492188,4546.989755859375,4592.9189453125,177079900,0.0,0.0
2026-02-10 00:00:00+07:00,4592.918964460784,4684.77734375,4583.733126531863,4684.77734375,177110700,0.0,0.0
2026-02-11 00:00:00+07:00,4661.81298099347,4684.777576958955,4583.733354710821,4615.8837890625,201135900,0.0,0.0
2026-02-12 00:00:00+07:00,4615.883796278479,4661.81298828125,4592.919200277093,4661.81298828125,121407500,0.0,0.0
2026-02-13 00:00:00+07:00,4638.848392279864,4661.81298828125,4565.361685075431,4661.81298828125,157236900,0.0,0.0
2026-02-18 00:00:00+07:00,4661.8130160508,4845.52978515625,4638.848419912618,4845.52978515625,212076100,0.0,0.0
2026-02-19 00:00:00+07:00,4845.529756292333,4868.494352293719,4638.848392279864,4661.81298828125,133827800,0.0,0.0
2026-02-20 00:00:00+07:00,4684.777591463415,4753.671379573171,4638.848399390244,4707.7421875,88563800,0.0,0.0
2026-02-23 00:00:00+07:00,4730.706804465343,4845.52978515625,4730.706804465343,4845.52978515625,131077800,0.0,0.0
2026-02-24 00:00:00+07:00,4845.529798782703,4937.38818359375,4822.565202579942,4937.38818359375,203553200,0.0,0.0
2026-02-25 00:00:00+07:00,4914.423330630896,4937.387925633844,4868.494140625,4868.494140625,147700600,0.0,0.0
2026-02-26 00:00:00+07:00,4914.423580545775,4914.423580545775,4776.636003521126,4891.458984375,120621100,0.0,0.0
2026-02-27 00:00:00+07:00,4891.458977432612,4914.423573570793,4845.52978515625,4845.52978515625,206461200,0.0,0.0
2026-03-02 00:00:00+07:00,4707.742180284021,4753.671372286792,4638.848392279864,4661.81298828125,168721700,0.0,0.0
2026-03-03 00:00:00+07:00,4684.77734375,4753.671128216912,4638.8481541053925,4684.77734375,106384700,0.0,0.0
2026-03-04 00:00:00+07:00,4638.8482298333965,4661.812825030592,4473.503144413592,4574.54736328125,294487200,0.0,0.0
2026-03-05 00:00:00+07:00,4615.883803353659,4707.7421875,4592.919207317073,4707.7421875,133690000,0.0,0.0
2026-03-06 00:00:00+07:00,4661.812825030592,4684.777420227786,4546.989849044616,4574.54736328125,127625100,0.0,0.0
2026-03-09 00:00:00+07:00,4409.202055238589,4473.502918544152,4390.830380008429,4427.57373046875,217673200,0.0,0.0
2026-03-10 00:00:00+07:00,4519.43242028386,4583.733288052126,4464.317390768203,4510.24658203125,124581800,0.0,0.0
2026-03-11 00:00:00+07:00,4528.618155057313,4565.361507228164,4482.68896484375,4482.68896484375,86606500,0.0,0.0
2026-03-12 00:00:00+07:00,4473.503236832157,4574.547457787298,4473.503236832157,4556.17578125,85989900,0.0,0.0
2026-03-13 00:00:00+07:00,4501.060516036185,4519.432191611842,4363.27294921875,4363.27294921875,187462500,0.0,0.0
2026-03-16 00:00:00+07:00,4344.901263297872,4354.087101063829,4253.042885638298,4317.34375,149035900,0.0,0.0
2026-03-17 00:00:00+07:00,4363.273043158694,4390.830557115486,4326.529691216306,4344.9013671875,274977700,0.0,0.0
2026-03-25 00:00:00+07:00,4271.41452228999,4565.361328125,4271.41452228999,4565.361328125,389331300,0.0,0.0
2026-03-26 00:00:00+07:00,4565.36170038901,4574.547538820377,4445.94580078125,4445.94580078125,120735200,0.0,0.0
2026-03-27 00:00:00+07:00,4445.945689994748,4473.503204602153,4372.458984375,4372.458984375,73158700,0.0,0.0
2026-03-30 00:00:00+07:00,4326.529587765957,4363.272938829787,4308.157912234043,4317.34375,110819500,0.0,0.0
2026-03-31 00:00:00+07:00,4326.529981710143,4400.016690528999,4317.344143107786,4335.7158203125,184777500,0.0,0.0
2026-04-01 00:00:00+07:00,4409.202529131356,4436.760044938427,4298.972465903072,4335.7158203125,162832600,0.0,0.0
2026-04-02 00:00:00+07:00,4335.715414986559,4344.901252730175,4262.228713037634,4271.41455078125,109496300,0.0,0.0
2026-04-06 00:00:00+07:00,4271.414739315008,4317.34393006033,4225.485548569685,4234.67138671875,60887500,0.0,0.0
2026-04-07 00:00:00+07:00,4225.485531284645,4234.671369396134,4133.627150169762,4142.81298828125,190831700,0.0,0.0
2026-04-08 00:00:00+07:00,4289.78662109375,4317.344136860947,4253.043266737486,4289.78662109375,169872400,0.0,0.0
2026-04-09 00:00:00+07:00,4271.414931149138,4271.414931149138,4197.92822265625,4197.92822265625,128431200,0.0,0.0
2026-04-10 00:00:00+07:00,4207.114073792157,4317.344136860947,4207.114073792157,4289.78662109375,103583800,0.0,0.0
2026-04-13 00:00:00+07:00,4262.228702445653,4280.600377887228,4225.4853515625,4225.4853515625,103202100,0.0,0.0
2026-04-14 00:00:00+07:00,4289.786432416069,4335.715623341295,4271.41475604598,4326.52978515625,135501000,0.0,0.0
2026-04-15 00:00:00+07:00,4363.272928217406,4381.644603704637,4262.228713037634,4271.41455078125,104621600,0.0,0.0
2026-04-16 00:00:00+07:00,4298.9723573882,4298.9723573882,4243.857327165275,4262.22900390625,120500900,0.0,0.0
2026-04-17 00:00:00+07:00,4289.7866147524355,4317.344130478896,4207.114067573052,4243.857421875,125867600,0.0,0.0
2026-04-20 00:00:00+07:00,4262.229099025974,4289.7866147524355,4216.299906148539,4243.857421875,104938900,0.0,0.0
2026-04-21 00:00:00+07:00,4234.671210106383,4317.34375,4234.671210106383,4317.34375,120070400,0.0,0.0
2026-04-22 00:00:00+07:00,4317.343760279606,4381.644624794408,4317.343760279606,4363.27294921875,113814200,0.0,0.0
2026-04-23 00:00:00+07:00,4372.458862041037,4381.644699986501,4253.04296875,4253.04296875,133792200,0.0,0.0
2026-04-24 00:00:00+07:00,4253.042842881944,4253.042842881944,4124.441115451389,4133.626953125,218703100,0.0,0.0
2026-04-27 00:00:00+07:00,4133.627180619673,4142.813018798828,4005.0254461115055,4041.768798828125,257209000,0.0,0.0
2026-04-28 00:00:00+07:00,4060.140334015237,4115.255361173815,3995.8394689968964,4069.326171875,246361500,0.0,0.0
2026-04-29 00:00:00+07:00,4078.512009734763,4161.18455047263,4069.326171875,4069.326171875,201458600,0.0,0.0
2026-04-30 00:00:00+07:00,4069.3263609588553,4087.6980375320327,4014.211331239322,4032.5830078125,186960200,0.0,0.0
2026-05-04 00:00:00+07:00,4069.3262188251206,4106.0695706881015,4050.95454289363,4060.140380859375,166294600,0.0,0.0
2026-05-05 00:00:00+07:00,4060.140538001114,4197.9281128201565,4050.9546996798445,4124.44140625,186702000,0.0,0.0
2026-05-06 00:00:00+07:00,4161.184664504227,4179.556340727204,4115.255473946785,4142.81298828125,156255400,0.0,0.0
2026-05-07 00:00:00+07:00,4197.928135312837,4262.22900390625,4179.556458571861,4262.22900390625,262269600,0.0,0.0
2026-05-08 00:00:00+07:00,4271.414644640929,4326.529672313714,4243.857130804536,4253.04296875,369212800,0.0,0.0
2026-05-11 00:00:00+07:00,4310.0,4340.0,4250.0,4250.0,424518900,376.95694,0.0
2026-05-12 00:00:00+07:00,4270.0,4270.0,4190.0,4240.0,221247900,0.0,0.0
2026-05-13 00:00:00+07:00,4230.0,4250.0,4190.0,4200.0,192288300,0.0,0.0
2026-05-14 00:00:00+07:00,4200.0,4200.0,4200.0,4200.0,0,0.0,0.0
2026-05-15 00:00:00+07:00,4200.0,4200.0,4200.0,4200.0,0,0.0,0.0
2026-05-18 00:00:00+07:00,4170.0,4170.0,4080.0,4130.0,316067300,0.0,0.0
2026-05-19 00:00:00+07:00,4130.0,4260.0,4100.0,4130.0,306901800,0.0,0.0
2026-05-20 00:00:00+07:00,4150.0,4290.0,4110.0,4230.0,308468000,0.0,0.0
2026-05-21 00:00:00+07:00,4280.0,4280.0,4130.0,4170.0,137461700,0.0,0.0
2026-05-22 00:00:00+07:00,4140.0,4150.0,4040.0,4120.0,190022900,0.0,0.0
2026-05-25 00:00:00+07:00,4160.0,4300.0,4130.0,4220.0,235113500,0.0,0.0
2026-05-26 00:00:00+07:00,4210.0,4220.0,4130.0,4130.0,181583300,0.0,0.0
2026-05-27 00:00:00+07:00,4130.0,4130.0,4130.0,4130.0,0,0.0,0.0
2026-05-28 00:00:00+07:00,4130.0,4130.0,4130.0,4130.0,0,0.0,0.0
2026-05-29 00:00:00+07:00,4120.0,4190.0,4080.0,4080.0,442625300,0.0,0.0
2026-06-02 00:00:00+07:00,4090.0,4190.0,4090.0,4170.0,261911500,0.0,0.0
2026-06-03 00:00:00+07:00,4200.0,4200.0,4020.0,4050.0,287274100,0.0,0.0
2026-06-04 00:00:00+07:00,4050.0,4060.0,3930.0,3970.0,328529500,0.0,0.0
2026-06-05 00:00:00+07:00,3900.0,3950.0,3820.0,3840.0,320689600,0.0,0.0
2026-06-08 00:00:00+07:00,3810.0,3900.0,3700.0,3710.0,387103400,0.0,0.0
2026-06-09 00:00:00+07:00,3650.0,4090.0,3650.0,4090.0,484957600,0.0,0.0
2026-06-10 00:00:00+07:00,4100.0,4260.0,4050.0,4260.0,359183100,0.0,0.0
2026-06-11 00:00:00+07:00,4260.0,4340.0,4140.0,4250.0,308861000,0.0,0.0
2026-06-12 00:00:00+07:00,4320.0,4320.0,4200.0,4200.0,241735800,0.0,0.0
2026-06-15 00:00:00+07:00,4300.0,4500.0,4300.0,4500.0,310948900,0.0,0.0
2026-06-17 00:00:00+07:00,4500.0,4570.0,4390.0,4490.0,286865700,0.0,0.0
2026-06-18 00:00:00+07:00,4440.0,4470.0,4340.0,4470.0,190568200,0.0,0.0
2026-06-19 00:00:00+07:00,4390.0,4470.0,4300.0,4310.0,377274300,0.0,0.0
2026-06-22 00:00:00+07:00,4320.0,4340.0,4220.0,4220.0,101336500,0.0,0.0
2026-06-23 00:00:00+07:00,4200.0,4210.0,4090.0,4120.0,248512500,0.0,0.0
2026-06-24 00:00:00+07:00,4130.0,4180.0,3970.0,3970.0,254221600,0.0,0.0
2026-06-25 00:00:00+07:00,3970.0,4090.0,3960.0,4000.0,275422800,0.0,0.0
2026-06-26 00:00:00+07:00,4000.0,4040.0,3900.0,3990.0,247361000,0.0,0.0
2026-06-29 00:00:00+07:00,3990.0,4010.0,3930.0,3940.0,120733900,0.0,0.0
2026-06-30 00:00:00+07:00,3930.0,3930.0,3830.0,3850.0,200553100,0.0,0.0
2026-07-01 00:00:00+07:00,3810.0,3880.0,3800.0,3810.0,142033400,0.0,0.0
2026-07-02 00:00:00+07:00,3810.0,3960.0,3810.0,3900.0,181957900,0.0,0.0
2026-07-03 00:00:00+07:00,3950.0,4040.0,3950.0,4010.0,97694100,0.0,0.0
2026-07-06 00:00:00+07:00,4020.0,4040.0,3940.0,4030.0,143666300,0.0,0.0
2026-07-07 00:00:00+07:00,4030.0,4090.0,3990.0,4070.0,181399100,0.0,0.0
2026-07-08 00:00:00+07:00,4080.0,4080.0,3970.0,3970.0,107252600,0.0,0.0
2026-07-09 00:00:00+07:00,3960.0,4040.0,3950.0,4040.0,109084100,0.0,0.0
2026-07-10 00:00:00+07:00,4050.0,4080.0,4010.0,4080.0,73997600,0.0,0.0
2026-07-13 00:00:00+07:00,4070.0,4260.0,4020.0,4250.0,140381100,0.0,0.0
2026-07-14 00:00:00+07:00,4250.0,4260.0,4130.0,4160.0,186937300,0.0,0.0
2026-07-15 00:00:00+07:00,4220.0,4270.0,4170.0,4200.0,145283200,0.0,0.0
2026-07-16 00:00:00+07:00,4240.0,4310.0,4220.0,4310.0,103434900,0.0,0.0
2026-07-17 00:00:00+07:00,4310.0,4490.0,4270.0,4480.0,258763500,0.0,0.0
2026-07-20 00:00:00+07:00,4480.0,4520.0,4420.0,4450.0,197096400,0.0,0.0
2026-07-21 00:00:00+07:00,4480.0,4490.0,4430.0,4480.0,135068500,0.0,0.0
2026-07-22 00:00:00+07:00,4490.0,4490.0,4410.0,4420.0,93136600,0.0,0.0
2026-07-23 00:00:00+07:00,4450.0,4470.0,4330.0,4380.0,160468800,0.0,0.0
2026-07-24 00:00:00+07:00,4280.0,4290.0,4120.0,4130.0,403126400,0.0,0.0
2026-07-27 00:00:00+07:00,4110.0,4160.0,4060.0,4160.0,233516000,0.0,0.0
2026-07-28 00:00:00+07:00,4150.0,4190.0,4100.0,4100.0,162841200,0.0,0.0
2026-07-29 00:00:00+07:00,4120.0,4140.0,4060.0,4090.0,125647800,0.0,0.0
2026-07-30 00:00:00+07:00,4100.0,4200.0,4100.0,4160.0,100897800,0.0,0.0
2026-07-31 00:00:00+07:00,4180.0,4200.0,4160.0,4190.0,97657300,0.0,0.0
2026-08-03 00:00:00+07:00,4230.0,4230.0,4140.0,4170.0,76254300,0.0,0.0
2026-08-04 00:00:00+07:00,4170.0,4260.0,4170.0,4260.0,121374800,0.0,0.0
2026-08-05 00:00:00+07:00,4260.0,4280.0,4220.0,4220.0,122781400,0.0,0.0
2026-08-06 00:00:00+07:00,4240.0,4280.0,4200.0,4200.0,95744300,0.0,0.0
2026-08-07 00:00:00+07:00,4220.0,4270.0,4210.0,4240.0,110106100,0.0,0.0
2026-08-10 00:00:00+07:00,4250.0,4270.0,4180.0,4180.0,148614700,0.0,0.0
2026-08-11 00:00:00+07:00,4200.0,4200.0,4100.0,4120.0,148404100,0.0,0.0
2026-08-12 00:00:00+07:00,4130.0,4150.0,4080.0,4130.0,153658300,0.0,0.0
2026-08-13 00:00:00+07:00,4140.0,4150.0,4090.0,4130.0,108708200,0.0,0.0
2026-08-14 00:00:00+07:00,4140.0,4170.0,4100.0,4170.0,75934800,0.0,0.0
2026-08-18 00:00:00+07:00,4200.0,4220.0,4150.0,4150.0,116514200,0.0,0.0
2026-08-19 00:00:00+07:00,4160.0,4190.0,4140.0,4140.0,79287200,0.0,0.0
2026-08-20 00:00:00+07:00,4150.0,4180.0,4140.0,4150.0,74796300,0.0,0.0
2026-08-21 00:00:00+07:00,4170.0,4240.0,4170.0,4220.0,142906200,0.0,0.0
2026-08-24 00:00:00+07:00,4220.0,4220.0,4170.0,4200.0,86046100,0.0,0.0
